listing_price,predicted_price,price_delta
2900000,2908126.5,0.2802241379310345
4295000,4257149.0,-0.8812805587892899
3195000,3217757.5,0.7122848200312989
4395000,4350449.0,-1.0136746302616608
2850000,2897221.5,1.6568947368421052
4995000,4951138.0,-0.8781181181181182
2995000,3056348.0,2.048347245409015
1895000,1887962.0,-0.37139841688654357
2200000,2216542.0,0.751909090909091
1895000,1882663.2,-0.6510158311345646
2195000,2205039.5,0.457380410022779
1795000,1801445.8,0.35909470752089134
1695000,1709106.8,0.8322566371681417
1750000,1743379.0,-0.37834285714285715
1650000,1677261.0,1.6521818181818182
2350000,2336629.5,-0.5689574468085107
1595000,1612346.2,1.087539184952978
2050000,2074009.8,1.1712073170731707
1495000,1546368.5,3.436020066889632
2300000,2297942.5,-0.08945652173913043
1195000,1221526.5,2.2197907949790796
1495000,1529667.5,2.318896321070234
1395000,1427857.2,2.355358422939068
1990000,1999142.5,0.4594221105527639
1795000,1789154.0,-0.3256824512534819
1450000,1447106.5,-0.199551724137931
5995000,5978515.0,-0.27497914929107586
9975000,9885010.0,-0.9021553884711779
5495000,5495089.0,0.0016196542311191992
3995000,4014160.0,0.47959949937421775
8500000,8386442.5,-1.3359705882352941
3795000,3845954.8,1.3426811594202899
5295000,5253072.0,-0.7918413597733711
1895000,1977206.2,4.338060686015831
6995000,6977166.0,-0.25495353824160116
2595000,2606209.8,0.4319749518304432
5995000,6059644.0,1.0782985821517932
3600000,3612201.5,0.33893055555555557
3495000,3535737.2,1.1655865522174536
5995000,6003583.5,0.14317764804003338
3695000,3713600.5,0.5033964817320703
3995000,4002425.0,0.1858573216520651
4095000,4147577.5,1.283943833943834
3995000,4035250.8,1.0075281602002504
3250000,3277375.8,0.8423307692307692
3950000,3992355.0,1.0722784810126582
2595000,2620960.8,1.0004142581888247
2395000,2464331.5,2.8948434237995824
2695000,2652712.5,-1.5691094619666046
2795000,2876909.2,2.930563506261181
3995000,3967284.8,-0.6937484355444306
4995000,5014574.5,0.39188188188188183
3395000,3447100.8,1.5346318114874815
3495000,3446094.5,-1.3992989985693849
9795000,9616811.0,-1.819183256763655
2295000,2377749.2,3.6056318082788668
3895000,3920854.0,0.6637740693196406
2550000,2620185.0,2.7523529411764707
3995000,4030318.5,0.8840675844806007
4700000,4758817.5,1.2514361702127659
5195000,5312424.5,2.2603368623676614
5795000,5793580.5,-0.02449525452976704
2995000,2994395.5,-0.02018363939899833
6395000,6433091.0,0.5956372165754495
2195000,2208396.0,0.6102961275626424
3495000,3448658.8,-1.3259298998569384
2650000,2660639.5,0.40149056603773586
3700000,3709692.2,0.2619527027027027
2795000,2812861.5,0.6390518783542039
2800000,2798374.8,-0.05804464285714286
2750000,2759111.0,0.33130909090909094
2650000,2634224.0,-0.5953207547169812
1495000,1586343.5,6.109933110367892
1950000,1998914.2,2.508423076923077
2800000,2809520.5,0.34001785714285715
1850000,1922016.5,3.892783783783784
2195000,2235172.2,1.8301708428246015
2695000,2701397.5,0.23738404452690168
1595000,1698152.2,6.467225705329153
2350000,2348245.0,-0.07468085106382978
2650000,2660230.0,0.3860377358490566
2500000,2518708.0,0.74832
2395000,2442916.8,2.0006993736951983
4795000,4743371.5,-1.0767153284671533
4995000,5035626.0,0.8133333333333332
3195000,3202360.5,0.2303755868544601
4995000,5031523.5,0.7312012012012011
3850000,3882241.5,0.8374415584415585
1950000,1950698.5,0.03582051282051282
2695000,2711235.2,0.6024211502782931
2595000,2595341.0,0.013140655105973025
1495000,1601616.5,7.131538461538462
2495000,2481028.0,-0.5599999999999999
2995000,3027753.0,1.0935893155258765
2475000,2519776.5,1.809151515151515
1995000,1997711.2,0.13590225563909775
1995000,1981056.0,-0.6989473684210527
2045000,2079827.2,1.7030440097799513
1395000,1492342.5,6.977956989247312
2295000,2261231.0,-1.4714161220043573
2395000,2371030.0,-1.0008350730688935
2395000,2412603.0,0.7349895615866389
4295000,4384488.0,2.0835389988358557
1500000,1577543.2,5.16955
1895000,1923888.0,1.5244327176781003
2495000,2555005.8,2.4050400801603207
2695000,2769163.5,2.751892393320965
3995000,4022500.8,0.6883792240300376
2495000,2460300.5,-1.3907615230460921
4350000,4426705.0,1.7633333333333334
2795000,2867111.8,2.580026833631485
1695000,1807355.2,6.62862831858407
2395000,2349993.8,-1.8791753653444674
2795000,2872442.8,2.7707602862254026
2395000,2444099.5,2.0500835073068893
2195000,2233842.0,1.7695671981776764
2995000,2959566.5,-1.1830884808013356
2295000,2272563.5,-0.9776252723311547
2950000,2909885.0,-1.3598305084745763
2795000,2753066.0,-1.5003220035778175
1995000,1997543.0,0.12746867167919798
3495000,3538355.0,1.240486409155937
6500000,6429916.0,-1.0782153846153846
4250000,4179435.2,-1.6603470588235292
2975000,3021812.5,1.5735294117647058
3450000,3453728.0,0.10805797101449276
2995000,2982047.0,-0.4324874791318865
4550000,4619023.5,1.517
1845000,1902772.5,3.13130081300813
2895000,2877077.5,-0.6190846286701208
3995000,3986466.2,-0.21361076345431787
1995000,2002139.0,0.3578446115288221
5995000,6011983.0,0.2832860717264387
2550000,2606846.0,2.2292549019607844
3995000,4035412.2,1.0115707133917395
3450000,3474697.8,0.7158768115942029
3995000,4055306.8,1.5095556946182729
2500000,2532510.8,1.30043
3195000,3163048.5,-1.0000469483568075
3895000,4038378.2,3.6810847240051348
3695000,3708589.0,0.36776725304465496
3975000,4025451.2,1.2692138364779872
1995000,2065485.5,3.533107769423559
2995000,3018418.5,0.7819198664440734
3500000,3524615.5,0.7033
2995000,3038322.5,1.4464941569282137
2995000,2969183.0,-0.8620033388981636
3795000,3834773.8,1.0480566534914362
1995000,2036614.8,2.085952380952381
1995000,2042919.5,2.4019799498746868
2350000,2352338.5,0.09951063829787234
1695000,1736856.0,2.469380530973451
2395000,2431477.2,1.5230584551148225
2975000,2981916.5,0.23248739495798318
2995000,2986610.2,-0.2801252086811352
2795000,2808451.8,0.48127906976744184
2350000,2359692.0,0.41242553191489356
1995000,1987021.0,-0.3999498746867168
2695000,2710837.5,0.5876623376623377
2295000,2319161.8,1.0527995642701526
3995000,4005344.5,0.25893617021276594
2595000,2628107.0,1.2757996146435453
3995000,3986850.0,-0.20400500625782228
3850000,3871806.2,0.5663961038961038
1995000,2064005.9,3.458941102756892
2795000,2829945.5,1.2502862254025044
2250000,2269982.0,0.8880888888888889
4750000,4771144.0,0.44513684210526316
5250000,5299032.5,0.933952380952381
2495000,2475671.0,-0.7747094188376754
2895000,2932305.5,1.2886183074265976
2995000,2949990.5,-1.5028213689482472
2200000,2175749.0,-1.1023181818181818
2795000,2828292.2,1.1911359570661897
2095000,2122169.8,1.2968854415274462
2795000,2809394.5,0.5150089445438283
2450000,2452931.2,0.11964285714285713
3195000,3227425.5,1.0148826291079813
1750000,1767456.5,0.9975142857142858
2995000,3078568.0,2.7902504173622704
5250000,5273680.5,0.4510571428571429
4795000,4818082.5,0.48138686131386865
8290000,8129126.0,-1.9405790108564536
2995000,2963344.0,-1.0569616026711186
5295000,5281111.0,-0.26230406043437204
1995000,2033385.5,1.9240852130325816
7995000,8093479.0,1.2317573483427142
2995000,2962246.8,-1.0935976627712853
2495000,2433392.5,-2.4692384769539077
2495000,2529531.5,1.3840280561122245
4495000,4450833.0,-0.9825806451612903
8000000,7844655.0,-1.9418125000000002
2195000,2196057.5,0.04817767653758542
2795000,2790303.0,-0.16805008944543828
2995000,3056915.5,2.0672954924874793
2495000,2509618.5,0.5859118236472947
3295000,3316257.8,0.6451517450682852
2750000,2749014.5,-0.03583636363636364
1790000,1846008.0,3.1289385474860336
3250000,3275735.8,0.7918692307692308
1995000,2057420.2,3.1288345864661657
3995000,4033593.8,0.9660513141426784
4195000,4151639.5,-1.0336233611442192
6200000,6229765.5,0.4800887096774194
2850000,2791135.5,-2.065421052631579
4995000,5047148.0,1.044004004004004
5995000,6019391.0,0.4068557130942452
5495000,5465189.0,-0.5425113739763421
5995000,6092363.0,1.6240700583819851
3975000,3970960.8,-0.10161635220125786
2395000,2411948.5,0.7076617954070982
2290000,2309668.8,0.8588973799126638
2595000,2625132.5,1.1611753371868978
4495000,4534992.5,0.8897107897664072
9300000,8927086.0,-4.009827956989247
3490000,3521860.5,0.9129083094555873
9900000,9440726.0,-4.639131313131313
2895000,2940553.5,1.573523316062176
6850000,6838101.0,-0.1737080291970803
5995000,5977905.0,-0.28515429524603836
2995000,2960170.0,-1.1629382303839733
5495000,5477455.5,-0.3192811646951775
2595000,2632654.0,1.4510211946050096
3195000,3199530.5,0.1417996870109546
2995000,3016338.5,0.7124707846410685
2950000,2945994.2,-0.13578813559322034
5995000,6052230.5,0.9546371976647205
2350000,2363415.8,0.5708829787234042
2495000,2536010.0,1.643687374749499
4950000,4902353.0,-0.9625656565656566
2695000,2735760.8,1.5124582560296846
4300000,4269604.5,-0.7068720930232558
4650000,4688093.0,0.8192043010752689
7850000,7770992.5,-1.0064649681528661
2795000,2795605.0,0.021645796064400716
8995000,8860422.0,-1.496142301278488
2495000,2506971.8,0.4798296593186373
2795000,2820995.2,0.9300626118067978
4395000,4394418.0,-0.013242320819112629
8940000,8691709.0,-2.777304250559284
2295000,2333512.2,1.6780936819172112
2695000,2701768.0,0.2511317254174397
3195000,3199470.5,0.13992175273865415
2290000,2244048.5,-2.0066157205240174
1195000,1297872.2,8.608556485355647
3795000,3921172.8,3.3247101449275362
1995000,2025606.5,1.5341604010025063
4695000,4648645.5,-0.9873162939297124
9495000,9164213.0,-3.483802001053186
2995000,2976704.0,-0.6108848080133557
6430000,6392496.5,-0.583258164852255
6995000,7047252.0,0.7469907076483202
3795000,3801086.2,0.16037549407114626
4195000,4127811.2,-1.6016388557806915
2250000,2263872.0,0.6165333333333334
1600000,1711788.2,6.986765624999999
2250000,2248905.0,-0.048666666666666664
4995000,4982853.0,-0.2431831831831832
2695000,2714063.0,0.7073469387755102
2895000,2921928.5,0.9301727115716754
2795000,2805388.8,0.37169051878354203
4395000,4379663.5,-0.3489533560864619
2995000,3024087.2,0.9711936560934892
5990000,6005761.5,0.26313021702838063
7995000,7905572.0,-1.1185490931832396
2195000,2207937.5,0.5894077448747153
4295000,4276802.5,-0.4236903376018626
5495000,5532121.0,0.6755414012738854
3495000,3517758.0,0.6511587982832618
5695000,5648831.0,-0.8106935908691835
2695000,2721018.5,0.9654359925788497
2350000,2364948.0,0.6360851063829788
2895000,2915250.2,0.6994905008635578
7990000,8010323.0,0.2543554443053817
4750000,4714683.0,-0.7435157894736842
5395000,5446251.0,0.9499721964782206
2595000,2662051.5,2.5838728323699423
2495000,2549445.5,2.1821843687374747
10750000,10702263.0,-0.4440651162790698
4250000,4247916.0,-0.049035294117647066
2495000,2515062.0,0.8040881763527054
1695000,1746367.0,3.0305014749262535
10450000,10239474.0,-2.014602870813397
7000000,6991055.0,-0.12778571428571428
2195000,2221072.5,1.1878132118451024
6950000,6954303.0,0.0619136690647482
2695000,2781544.0,3.2112801484230054
2995000,3044082.5,1.63881469115192
2895000,2906535.8,0.3984715025906736
1995000,2025749.8,1.5413408521303258
6995000,6922378.0,-1.0381987133666903
2095000,2147129.0,2.4882577565632458
3195000,3168457.2,-0.8307589984350547
1995000,2058948.8,3.2054511278195488
3995000,4037099.0,1.0537922403003754
2195000,2196872.0,0.08528473804100228
2350000,2379455.5,1.2534255319148935
4375000,4414344.0,0.8992914285714285
2345000,2354652.5,0.4116204690831557
4195000,4215604.5,0.49116805721096546
3195000,3167523.5,-0.8599843505477309
1650000,1659535.0,0.5778787878787879
2690000,2760350.2,2.6152509293680297
3495000,3539888.5,1.2843633762517883
5950000,6153530.0,3.420672268907563
6390000,6469880.5,1.2500860719874805
13000000,13277734.0,2.1364153846153844
20000000,19765236.0,-1.17382
2595000,2656627.0,2.3748362235067435
2395000,2454247.5,2.4737995824634655
3600000,3656165.8,1.560159722222222
2295000,2337983.2,1.8729084967320262
3395000,3403931.5,0.2630780559646539
2595000,2601303.5,0.24290944123314065
2695000,2729131.0,1.266456400742115
3195000,3230179.5,1.1010798122065728
3600000,3715702.0,3.2139444444444445
4895000,4946693.0,1.0560367722165473
2050000,2113003.0,3.0733170731707316
1995000,2048552.8,2.684348370927318
3500000,3525581.5,0.7309
2995000,2955406.5,-1.3219866444073456
4995000,5087051.5,1.842872872872873
2595000,2613064.0,0.6961078998073218
2249500,2255699.0,0.2755723494109802
7195000,7452612.0,3.5804308547602504
2850000,2926657.2,2.6897280701754385
2750000,2766335.0,0.594
2395000,2337711.0,-2.3920250521920665
2995000,3098565.5,3.4579465776293823
1995000,2041988.0,2.3552882205513783
2995000,2991145.0,-0.12871452420701168
2995000,2970746.0,-0.8098163606010017
4500000,4492793.0,-0.16015555555555555
3495000,3564320.5,1.9834191702432045
2950000,2977317.5,0.9260169491525423
3895000,3867721.2,-0.7003530166880616
3750000,3799035.0,1.3076
2995000,2985868.0,-0.3049081803005008
1995000,2075137.5,4.0169172932330826
3995000,4022656.8,0.6922841051314143
4395000,4416183.0,0.4819795221843003
2995000,3052451.2,1.918238731218698
2250000,2277768.0,1.2341333333333333
2795000,2828825.5,1.2102146690518785
2950000,2949006.5,-0.03367796610169491
5150000,5213144.0,1.2260970873786408
3395000,3466677.2,2.111259204712813
2995000,2925972.5,-2.3047579298831384
3995000,4116520.0,3.04180225281602
3350000,3316107.8,-1.0117089552238805
2995000,2944285.0,-1.693322203672788
2500000,2542681.8,1.70727
2395000,2431987.5,1.5443632567849686
2995000,2992288.5,-0.09053422370617696
1595000,1672707.2,4.87192789968652
5495000,5488433.0,-0.11950864422202002
2095000,2083295.0,-0.5587112171837709
1995000,2016968.8,1.1011904761904763
3495000,3468064.5,-0.7706866952789699
2695000,2711466.2,0.6109925788497217
3495000,3597681.8,2.937961373390558
2495000,2465750.5,-1.172324649298597
2300000,2312513.5,0.5440652173913043
2425000,2444511.2,0.8045876288659795
3300000,3327397.8,0.8302348484848485
2495000,2496359.0,0.05446893787575151
1795000,1782838.2,-0.6775348189415041
2495000,2513259.2,0.7318336673346694
2495000,2494554.0,-0.01787575150300601
2495000,2476480.0,-0.7422845691382766
3995000,4019136.8,0.6041739674593242
2695000,2750437.2,2.0570408163265306
1695000,1775460.2,4.7469174041297935
2450000,2448280.0,-0.07020408163265306
3295000,3330456.8,1.0760773899848255
2495000,2500722.5,0.22935871743486974
10745000,10568096.0,-1.646384364820847
3995000,3979924.8,-0.3773529411764706
3495000,3527235.5,0.9223319027181688
1795000,1799316.0,0.24044568245125347
2495000,2567430.0,2.903006012024048
3795000,3854350.2,1.5639064558629776
4995000,4978451.5,-0.3313013013013013
2095000,2097303.0,0.10992840095465393
2895000,2921960.8,0.931286701208981
1695000,1699089.0,0.24123893805309735
2955000,2947111.5,-0.2669543147208122
1650000,1708194.5,3.526939393939394
1575000,1701718.0,8.045587301587302
2995000,2963691.0,-1.0453756260434055
2300000,2342302.2,1.8392282608695651
3695000,3778453.8,2.258558863328823
2795000,2814035.2,0.681046511627907
1995000,2004602.5,0.481328320802005
2095000,2109470.5,0.6907159904534607
2995000,2994195.0,-0.02687813021702838
2350000,2341604.2,-0.3572659574468085
3095000,3150831.0,1.8039095315024234
2795000,2865992.5,2.5399821109123435
1495000,1589932.5,6.35
3000000,2959628.5,-1.3457166666666667
1595000,1677144.2,5.150109717868339
1595000,1632530.0,2.3529780564263323
3495000,3549397.8,1.556444921316166
5995000,5999728.0,0.07886572143452877
9000000,9073830.0,0.8203333333333334
5995000,6118420.0,2.0587155963302752
1795000,1812462.8,0.9728551532033426
3495000,3534307.5,1.124678111587983
4495000,4528996.0,0.7563070077864293
3995000,4008950.2,0.3491927409261577
1895000,1955548.5,3.195171503957784
1995000,1986489.2,-0.4266040100250627
1950000,1935850.0,-0.7256410256410256
1895000,1876859.0,-0.9573087071240105
2700000,2692354.0,-0.2831851851851852
1995000,2076961.9,4.108364661654136
3495000,3502401.8,0.21178111587982834
1995000,2068951.4,3.7068358395989973
1695000,1786141.8,5.377094395280236
5995000,5985115.0,-0.16488740617180983
3990000,3990256.5,0.0064285714285714285
1850000,1925986.5,4.107378378378378
1995000,2006746.8,0.5888095238095238
3395000,3399414.0,0.13001472754050072
2695000,2705357.5,0.3843228200371058
1995000,2052320.2,2.8731954887218047
2695000,2693451.5,-0.05745825602968461
2895000,2921527.0,0.9163039723661485
2595000,2609386.8,0.5544026974951831
2800000,2828409.5,1.014625
1850000,1946351.5,5.20818918918919
2695000,2709088.5,0.5227643784786642
2295000,2340700.0,1.9912854030501088
4995000,5020735.5,0.5152252252252253
3350000,3312690.0,-1.113731343283582
2995000,2943818.5,-1.70889816360601
2495000,2406167.8,-3.560410821643287
4950000,4929826.0,-0.40755555555555556
5095000,5057027.5,-0.7452894995093229
3995000,4022589.0,0.6905882352941176
4795000,4906565.0,2.326694473409802
4500000,4611537.0,2.4785999999999997
3995000,4042871.0,1.1982728410513142
6250000,6391693.0,2.267088
6850000,6935976.5,1.2551313868613139
5950000,6212916.0,4.418756302521008
13500000,13944281.0,3.2909703703703705
9495000,9337490.0,-1.6588730911005791
4800000,4808235.5,0.17157291666666666
2950000,3122082.5,5.833305084745763
2350000,2341924.5,-0.34363829787234046
3475000,3510999.8,1.0359640287769785
1995000,2058573.0,3.1866165413533833
2750000,2756884.0,0.25032727272727273
3475000,3492359.5,0.4995539568345324
3250000,3215021.5,-1.0762615384615384
4295000,4351393.5,1.3130034924330618
3695000,3761171.0,1.7908254397834913
4595000,4604165.0,0.199455930359086
15995000,16919656.0,5.780906533291653
3995000,3994545.5,-0.011376720901126408
2895000,2922958.5,0.9657512953367876
4695000,4716230.0,0.4521831735889244
2850000,2890894.8,1.4349035087719297
1695000,1793391.2,5.804793510324484
5695000,5667228.0,-0.4876558384547849
3695000,3708584.2,0.367638700947226
4495000,4503940.5,0.1988987764182425
2595000,2654714.5,2.3011368015414257
6495000,6466009.0,-0.4463587374903772
5995000,5938639.5,-0.9401251042535447
2495000,2557421.0,2.5018436873747496
2995000,3045334.5,1.6806176961602672
3995000,4049184.8,1.3563141426783478
4790000,4801769.5,0.24570981210855952
2695000,2714908.5,0.7387198515769944
2795000,2812105.5,0.6120035778175313
2495000,2477436.5,-0.7039478957915832
3450000,3420774.0,-0.8471304347826086
2495000,2443078.8,-2.0810120240480963
3095000,3046575.2,-1.5646122778675282
3095000,3062851.2,-1.0387318255250404
2895000,2956995.5,2.14146804835924
2495000,2548298.5,2.1362124248496994
3950000,4083889.2,3.389601265822785
4650000,4675019.0,0.5380430107526881
4250000,4315255.5,1.5354235294117649
7985000,8056454.0,0.8948528490920475
3795000,3827501.8,0.8564361001317524
3750000,3859386.0,2.91696
5200000,5265974.5,1.2687403846153846
3495000,3568931.5,2.1153505007153077
6995000,7029566.0,0.49415296640457473
3995000,3913469.2,-2.0408197747183983
7895000,7956294.0,0.7763647878404053
3990000,4084332.8,2.3642293233082707
8495000,8583972.0,1.0473454973513832
10500000,10530925.0,0.2945238095238095
2795000,2798415.2,0.12219141323792486
1995000,2035026.5,2.006340852130326
5395000,5549562.5,2.8649212233549584
3595000,3635412.8,1.1241376912378305
3495000,3511029.0,0.4586266094420601
5795000,5794652.0,-0.006005176876617774
8795000,8867356.0,0.8226947129050597
9950000,9923888.0,-0.2624321608040201
5100000,5153035.5,1.0399117647058824
3195000,3244475.5,1.548528951486698
4750000,4785435.0,0.746
3395000,3434998.0,1.1781443298969072
4000000,4081881.2,2.04703125
4350000,4410194.5,1.3837816091954023
3250000,3289456.0,1.2140307692307692
4750000,4779823.5,0.6278631578947368
3695000,3713438.5,0.49901217861975644
4495000,4528408.0,0.743225806451613
2850000,2852545.5,0.08931578947368421
6800000,6857276.0,0.8422941176470587
4195000,4248887.5,1.2845649582836711
8495000,8518392.0,0.2753619776339023
5995000,5977411.5,-0.2933861551292744
7395000,7433892.0,0.5259229208924949
4750000,4807272.5,1.205736842105263
11995000,11931083.0,-0.5328636932055023
4250000,4252588.0,0.06089411764705883
2895000,2930408.0,1.2230742659758205
3495000,3585302.8,2.583769670958512
2695000,2742155.5,1.7497402597402598
2750000,2809305.0,2.1565454545454545
3295000,3294233.2,-0.0232701062215478
4350000,4399785.0,1.1444827586206896
4975000,5012276.0,0.7492663316582915
6900000,6946428.0,0.6728695652173913
2595000,2640247.0,1.7436223506743738
6395000,6371791.0,-0.36292415949960904
6750000,6793144.0,0.6391703703703704
4495000,4542586.5,1.058654060066741
5250000,5374368.0,2.3689142857142858
3420000,3481342.8,1.7936476608187135
3750000,3746754.8,-0.08654
3490000,3559401.0,1.9885673352435531
7195000,7238250.0,0.6011118832522585
6195000,6242831.5,0.7720984665052462
8350000,8459148.0,1.3071616766467067
3495000,3537026.8,1.2024821173104434
5000000,5186692.0,3.7338400000000003
2395000,2404897.5,0.4132567849686848
1895000,1905358.5,0.546622691292876
1795000,1818735.0,1.322284122562674
1995000,2010092.0,0.7564912280701754
1799000,1809408.0,0.5785436353529739
1900000,1892821.2,-0.37782894736842104
2395000,2407364.0,0.5162421711899792
1695000,1713815.5,1.1100589970501475
1995000,2002895.2,0.3957518796992481
1995000,2017159.8,1.110764411027569
1995000,1973035.0,-1.101002506265664
1595000,1665966.2,4.449294670846395
2195000,2202885.5,0.359248291571754
2100000,2109687.0,0.46128571428571424
1395000,1505761.2,7.939874551971327
2495000,2450028.5,-1.8024649298597195
5750000,5721394.0,-0.497495652173913
9500000,9341548.0,-1.6679157894736845
7295000,7281984.0,-0.1784235777930089
5495000,5528831.5,0.6156778889899909
5695000,5723272.0,0.4964354697102722
6195000,6191343.5,-0.05902340597255852
2495000,2564022.5,2.766432865731463
10850000,10652927.0,-1.8163410138248848
4995000,5021500.5,0.5305405405405406
4595000,4636645.0,0.9063112078346027
8795000,8645857.0,-1.6957703240477544
4095000,4078698.5,-0.39808302808302815
7395000,7410689.0,0.21215686274509804
7975000,7968138.5,-0.08603761755485893
8695000,8516485.0,-2.0530764807360553
4295000,4288460.0,-0.1522700814901048
4650000,4702197.0,1.122516129032258
2595000,2654473.0,2.291830443159923
6795000,6734663.5,-0.8879543782192788
3895000,3953447.5,1.5005776636713737
8495000,8428200.0,-0.7863449087698646
7695000,7609830.0,-1.1068226120857698
4195000,4139141.5,-1.331549463647199
7495000,7461119.0,-0.4520480320213476
6995000,6982368.0,-0.18058613295210862
5750000,5741951.5,-0.13997391304347825
9895000,9742438.0,-1.5418089944416373
8395000,8549911.0,1.845276950565813
7400000,7356674.0,-0.5854864864864865
4995000,5061679.5,1.3349249249249249
5795000,5785462.0,-0.16459016393442624
5995000,6083317.0,1.4731776480400334
3895000,3994016.8,2.542150192554557
4695000,4718917.0,0.5094142705005326
3475000,3495924.5,0.6021438848920863
6495000,6502692.5,0.11843725943033102
8995000,8924455.0,-0.7842690383546415
7995000,7894337.5,-1.259068167604753
4495000,4521384.5,0.5869744160177975
4100000,4063419.2,-0.8922134146341463
3350000,3298590.5,-1.5346119402985074
4995000,5033778.0,0.7763363363363364
2700000,2734560.5,1.2800185185185184
5095000,5138758.5,0.8588518155053975
8195000,8154441.0,-0.49492373398413664
6290000,6316259.0,0.41747217806041337
5650000,5662061.0,0.21346902654867259
7695000,7618881.0,-0.9892007797270955
4995000,5074935.0,1.6003003003003002
7195000,7142041.0,-0.7360528144544823
6895000,6825918.0,-1.001914430746918
4350000,4335421.0,-0.3351494252873563
6995000,6964149.5,-0.44103645461043606
7695000,7618633.5,-0.9924171539961014
3695000,3763912.8,1.8650270635994586
6995000,7027621.0,0.4663473909935668
4595000,4656707.5,1.3429270946681175
5995000,6047999.5,0.8840617180984154
3500000,3520610.8,0.5888785714285715
2995000,3050297.5,1.8463272120200336
3400000,3398068.8,-0.056801470588235294
2795000,2844439.5,1.768855098389982
3195000,3165874.0,-0.9116118935837245
3195000,3088905.8,-3.320633802816901
1495000,1594671.5,6.666989966555184
2895000,2906216.5,0.3874438687392055
5795000,5754260.0,-0.7030198446937015
2495000,2518841.5,0.9555711422845692
6295000,6328771.0,0.5364733915806196
2495000,2528655.8,1.3489278557114228
3400000,3409050.0,0.2661764705882353
2175000,2211149.0,1.6620229885057471
1995000,2070013.0,3.760050125313283
2795000,2814899.8,0.7119767441860465
3195000,3157907.0,-1.1609702660406884
1695000,1800660.8,6.233672566371681
4450000,4449834.5,-0.0037191011235955056
2095000,2148283.0,2.543341288782816
2750000,2751228.5,0.044672727272727274
4650000,4714746.0,1.3923870967741936
3150000,3192803.2,1.3588333333333333
4495000,4540205.0,1.0056729699666296
2495000,2538012.0,1.723927855711423
2500000,2547464.8,1.89859
3995000,4048713.0,1.34450563204005
5895000,5852998.0,-0.7125021204410518
3995000,4074531.8,1.990782227784731
2495000,2530907.5,1.4391783567134269
5950000,5960714.0,0.1800672268907563
2495000,2532072.8,1.485881763527054
2750000,2746630.0,-0.12254545454545454
2195000,2250313.0,2.5199544419134394
2250000,2258653.0,0.3845777777777778
2995000,3021648.0,0.8897495826377295
3495000,3481166.8,-0.3958011444921316
2995000,3025581.5,1.021085141903172
3395000,3416832.2,0.6430706921944035
2795000,2803552.5,0.30599284436493734
2495000,2535035.5,1.6046292585170339
4450000,4441147.0,-0.19894382022471907
2195000,2196588.0,0.07234624145785877
3495000,3441639.5,-1.5267668097281832
4895000,4902775.5,0.15884576098059244
4150000,4138393.0,-0.27968674698795176
2795000,2800801.0,0.20754919499105542
12950000,13383293.0,3.345891891891892
3250000,3231664.0,-0.5641846153846154
2945000,2963944.8,0.6432852292020373
3195000,3239127.5,1.3811424100156495
2995000,3022118.5,0.9054590984974958
3395000,3426425.2,0.9256332842415317
3995000,4089316.8,2.3608698372966206
2750000,2759299.8,0.3381727272727273
3150000,3212084.2,1.9709285714285714
6195000,6185081.0,-0.16011299435028248
7695000,7635035.0,-0.7792722547108513
4595000,4635368.5,0.8785310119695321
7395000,7317928.0,-1.0422177146720757
5695000,5820379.0,2.201562774363477
4395000,4386529.0,-0.19274175199089874
2495000,2548627.5,2.1493987975951905
8975000,8902970.0,-0.8025626740947076
7395000,7323821.0,-0.962528735632184
6950000,6926488.5,-0.338294964028777
2195000,2299628.2,4.766662870159453
2795000,2872980.5,2.79
8650000,8684286.0,0.39636994219653177
4195000,4289409.5,2.2505244338498214
6095000,6144446.5,0.8112633305988515
3495000,3584064.2,2.5483333333333333
3995000,4126549.8,3.2928598247809764
3695000,3755949.5,1.649512855209743
4495000,4501093.5,0.13556173526140156
2995000,2877816.0,-3.912654424040067
2350000,2464054.0,4.85336170212766
1595000,1622729.2,1.7385109717868337
1695000,1708558.0,0.799882005899705
1495000,1518020.2,1.5398160535117058
2395000,2415427.5,0.8529227557411274
1495000,1538085.8,2.881989966555184
1850000,1845195.8,-0.2596891891891892
1295000,1310893.0,1.2272586872586873
1495000,1519166.2,1.6164715719063545
1495000,1511131.8,1.0790468227424748
1250000,1307051.2,4.5641
2895000,2911123.0,0.5569257340241796
2050000,2082888.9,1.6043353658536585
3095000,3116750.2,0.7027544426494347
2625000,2654783.0,1.1345904761904761
2450000,2471476.5,0.8765918367346939
2495000,2529699.2,1.390751503006012
2800000,2826950.2,0.9625089285714286
2750000,2768659.5,0.6785272727272728
1695000,1756074.2,3.603200589970502
6995000,6984033.0,-0.15678341672623303
2695000,2693959.0,-0.03862708719851577
1899000,1989924.5,4.788020010531859
2495000,2522489.2,1.1017735470941883
2695000,2646715.0,-1.7916512059369203
3695000,3762432.0,1.8249526387009471
3995000,4026259.0,0.7824530663329162
3995000,4028053.2,0.8273654568210264
8995000,8910120.0,-0.9436353529738744
6395000,6377606.5,-0.2719859265050821
1695000,1783224.2,5.204970501474927
2795000,2810555.5,0.5565474060822898
2695000,2742470.2,1.7614192949907237
1895000,1960299.2,3.4458707124010557
4495000,4422327.5,-1.6167408231368186
1895000,1981719.5,4.576226912928759
2995000,2977836.0,-0.5730884808013356
2750000,2790213.8,1.4623181818181819
2800000,2847971.5,1.7132678571428572
1795000,1894471.2,5.541573816155989
1995000,2073232.2,3.921416040100251
3595000,3659287.0,1.7882336578581361
3200000,3172287.8,-0.8660078125
1995000,2058503.5,3.1831328320802004
2195000,2248624.5,2.443029612756264
2995000,3058471.8,2.1192570951585976
3490000,3494858.8,0.1392191977077364
3590000,3589423.5,-0.01605849582172702
1990000,1912680.2,-3.8854145728643217
2000000,1950751.0,-2.46245
1495000,1562461.8,4.512491638795987
5490000,5410855.0,-1.4416211293260472
1895000,1870709.2,-1.2818337730870712
1765000,1802499.5,2.1246175637393767
3290000,3248912.2,-1.2488677811550153
3995000,4032739.0,0.9446558197747184
2195000,2134888.0,-2.7385876993166285
2395000,2352322.0,-1.7819624217119
2250000,2209116.8,-1.8170333333333333
2695000,2707862.8,0.4772820037105751
1195000,1249047.0,4.52276150627615
1650000,1712472.2,3.78619696969697
1995000,1978133.5,-0.845438596491228
1995000,1958350.2,-1.837080200501253
1525000,1562242.2,2.4421147540983608
1395000,1468476.0,5.267096774193549
1795000,1867924.8,4.062660167130919
1685000,1748820.2,3.7875519287833828
1850000,1854227.2,0.2285
2290000,2319079.0,1.269825327510917
1850000,1864469.5,0.7821351351351351
1995000,1978549.2,-0.8245989974937343
2695000,2718395.5,0.8681076066790352
1575000,1649742.8,4.745571428571429
1995000,1981181.5,-0.6926566416040101
1195000,1289292.0,7.890543933054393
1595000,1573271.2,-1.3623040752351097
1350000,1454978.2,7.776166666666668
3295000,3367110.0,2.188467374810319
1995000,1986820.0,-0.41002506265664157
2995000,3031373.5,1.214474123539232
1995000,2039123.2,2.2116917293233085
3395000,3378762.5,-0.47827687776141387
1995000,2012787.0,0.891578947368421
2350000,2361621.8,0.4945425531914894
3395000,3387175.2,-0.23047864506627394
2795000,2811405.0,0.5869409660107334
1995000,1974950.5,-1.004987468671679
2895000,2957318.0,2.152607944732297
1795000,1841955.8,2.6159192200557104
3675000,3625852.5,-1.3373469387755101
1900000,1897789.2,-0.11635526315789474
2950000,2897273.5,-1.7873389830508475
1695000,1706146.5,0.6576106194690265
1995000,2022260.2,1.3664285714285713
1495000,1556335.8,4.102725752508361
1695000,1769826.0,4.414513274336283
2550000,2591675.0,1.634313725490196
2550000,2568681.0,0.7325882352941177
1795000,1806980.0,0.6674094707520891
3250000,3289721.0,1.2221846153846154
4395000,4427828.5,0.7469510807736063
1750000,1850074.5,5.718542857142857
1645000,1731126.5,5.235653495440729
1495000,1596023.8,6.757441471571907
3825000,3805309.0,-0.514797385620915
3775000,3760785.5,-0.3765430463576159
2195000,2196133.8,0.05165148063781322
4995000,5096676.5,2.0355655655655656
3595000,3602170.8,0.1994645340751043
6995000,7047478.0,0.7502215868477484
4350000,4332769.5,-0.3961034482758621
5850000,5856579.0,0.11246153846153847
5000000,5032995.0,0.6598999999999999
2475000,2517979.5,1.7365454545454546
1895000,1915840.2,1.0997493403693932
2195000,2240145.5,2.056742596810934
1495000,1554619.5,3.987926421404682
2695000,2691994.2,-0.11153061224489795
2200000,2246445.5,2.111159090909091
4195000,4271567.0,1.825196662693683
2095000,2122138.5,1.2953937947494034
1095000,1189911.5,8.667716894977168
1795000,1879989.2,4.734777158774373
1495000,1597590.8,6.862257525083612
1495000,1565548.8,4.718979933110368
3300000,3315023.2,0.45525
2690000,2763368.5,2.727453531598513
2095000,2121570.0,1.2682577565632458
1195000,1320283.8,10.483995815899581
1650000,1708124.5,3.522696969696969
2990000,2949603.0,-1.3510702341137124
2850000,2915395.5,2.294578947368421
2800000,2856912.8,2.032598214285714
2495000,2561542.0,2.667014028056112
2495000,2488366.5,-0.26587174348697395
3395000,3450380.0,1.631222385861561
2995000,2959401.0,-1.1886143572621035
2995000,3008123.8,0.4381886477462437
2695000,2714125.0,0.7096474953617811
2395000,2453930.8,2.4605741127348644
1995000,2056848.9,3.1001942355889724
2795000,2848447.0,1.9122361359570663
2550000,2589534.5,1.5503725490196079
2495000,2539912.0,1.800080160320641
2095000,2109261.0,0.6807159904534607
3895000,3868848.5,-0.6714120667522465
2350000,2375586.5,1.088787234042553
2550000,2636418.5,3.3889607843137255
1995000,2091767.0,4.850476190476191
7995000,7952546.0,-0.5310068792995623
2250000,2308912.0,2.6183111111111113
2675000,2762147.0,3.2578317757009345
3795000,3799959.0,0.13067193675889327
2350000,2394491.8,1.8932659574468085
7645000,7637175.0,-0.10235448005232177
3790000,3801666.2,0.3078166226912929
2900000,2894903.5,-0.17574137931034484
2700000,2792901.0,3.440777777777778
2895000,2964853.0,2.4128842832469775
2475000,2574764.5,4.030888888888889
3595000,3607104.2,0.3366968011126565
6695000,6694512.0,-0.007289021657953696
9995000,9911502.0,-0.8353976988494247
3850000,3901428.8,1.3358116883116884
4495000,4491313.0,-0.08202447163515017
2695000,2759247.5,2.3839517625231914
15450000,15615206.0,1.069294498381877
2975000,2952631.5,-0.7518823529411764
2975000,3069566.8,3.1787142857142854
8995000,8930174.0,-0.7206892718176765
3095000,3181818.0,2.805105008077544
2195000,2168852.5,-1.1912300683371297
2095000,2065251.0,-1.4200000000000002
2650000,2846846.5,7.428169811320755
3849000,3818213.5,-0.7998571057417512
2095000,2081072.6,-0.664791169451074
2400000,2381664.5,-0.7639791666666667
2295000,2304040.0,0.3938997821350762
1850000,1887004.0,2.0002162162162165
2185000,2161629.0,-1.0696109839816934
1395000,1502490.8,7.705430107526881
1395000,1435455.0,2.9000000000000004
1485000,1546577.8,4.146649831649832
1595000,1614338.0,1.2124137931034482
1998000,2004107.8,0.3056931931931932
1295000,1358545.8,4.907007722007721
2600000,2598782.0,-0.04684615384615385
2395000,2385809.5,-0.38373695198329855
1595000,1645448.2,3.162899686520376
1990000,1986445.0,-0.178643216080402
1750000,1790639.2,2.3222428571428573
1595000,1656312.8,3.8440595611285264
1995000,1992166.8,-0.14201754385964913
2795000,2845862.2,1.819758497316637
1700000,1742244.8,2.484985294117647
1450000,1535856.5,5.921137931034483
1650000,1704961.5,3.331
2395000,2388527.5,-0.27025052192066806
2300000,2262270.8,-1.6404021739130434
4295000,4376457.5,1.8965657741559954
1695000,1733989.2,2.3002507374631267
1895000,1912303.5,0.9131134564643799
1500000,1553509.8,3.5673166666666667
3490000,3461405.5,-0.8193266475644698
2695000,2687357.5,-0.2835807050092764
2150000,2106136.5,-2.0401627906976745
2295000,2291705.0,-0.14357298474945535
1595000,1676374.0,5.101818181818182
1795000,1794723.0,-0.01543175487465181
2000000,1999866.2,-0.0066875
1720000,1736449.5,0.9563662790697675
1995000,2000842.5,0.2928571428571428
2990000,2920080.8,-2.3384364548494982
3095000,3142536.5,1.5359127625201938
2395000,2366984.5,-1.169749478079332
1200000,1255512.5,4.626041666666667
1325000,1395031.0,5.285358490566037
2345000,2320984.5,-1.0241151385927505
2995000,2986507.0,-0.2835726210350584
1795000,1813691.0,1.0412813370473537
1495000,1519988.5,1.6714715719063546
1500000,1553037.0,3.5358
3350000,3366536.5,0.4936268656716418
2150000,2134152.2,-0.7371046511627907
2395000,2424185.2,1.218590814196242
2495000,2519658.5,0.988316633266533
4695000,4747738.5,1.123290734824281
3995000,4105145.0,2.7570713391739674
7395000,7409732.0,0.1992156862745098
3495000,3547434.0,1.5002575107296139
2995000,3054120.5,1.9739732888146913
2195000,2258859.0,2.9092938496583143
3895000,3991848.5,2.486482670089859
5495000,5448726.0,-0.8421110100090992
6200000,6402408.0,3.2646451612903227
3995000,4096026.5,2.5288235294117647
3150000,3254276.5,3.31036507936508
3695000,3746831.5,1.4027469553450609
3995000,4064191.8,1.7319586983729662
5175000,5199870.0,0.48057971014492756
3495000,3552864.0,1.6556223175965663
6300000,6432040.0,2.095873015873016
3450000,3505054.5,1.5957826086956524
5695000,5842764.5,2.594635645302897
4950000,4939904.0,-0.20395959595959595
4495000,4587862.5,2.0659065628476085
7995000,8041617.5,0.5830831769856161
2995000,3006043.0,0.3687145242070117
4895000,4963384.0,1.3970173646578141
3495000,3517709.5,0.6497711015736767
2900000,2914943.5,0.515293103448276
6500000,6529100.0,0.4476923076923077
14500000,14718241.0,1.5051103448275862
3995000,3973959.2,-0.526677096370463
2995000,3034087.5,1.3050918196994992
4495000,4491172.5,-0.08515016685205784
2795000,2846715.8,1.8502951699463328
4195000,4223358.0,0.6759952324195471
1995000,2068958.1,3.707174185463659
7995000,7957330.0,-0.4711694809255785
2675000,2692648.5,0.6597570093457944
2495000,2532741.5,1.512685370741483
2630000,2675788.5,1.7410076045627376
3895000,3944071.2,1.2598523748395378
5495000,5477338.0,-0.32141947224749773
4195000,4204698.0,0.23117997616209773
3795000,3806625.2,0.30633069828722004
3150000,3187097.0,1.1776825396825397
3495000,3521914.2,0.7700786838340486
7195000,7159576.0,-0.4923419041000695
5995000,5951024.5,-0.7335362802335279
3695000,3683163.5,-0.3203382949932341
6950000,6976342.0,0.3790215827338129
3395000,3475394.8,2.3680338733431516
12795000,13071619.0,2.161930441578742
3195000,3323084.8,4.008912363067293
3300000,3312443.0,0.37706060606060604
11750000,11793436.0,0.36966808510638294
2395000,2473004.2,3.2569624217118993
3295000,3332613.0,1.1415174506828527
4395000,4435079.0,0.9119226393629123
2395000,2466024.0,2.9655114822546973
7595000,7658815.0,0.8402238314680711
3795000,3954612.8,4.205869565217391
3950000,4118027.2,4.253854430379747
6700000,6683480.0,-0.2465671641791045
3295000,3366950.8,2.1836342943854326
4000000,4025825.5,0.6456375000000001
5795000,5906771.0,1.9287489214840379
3950000,4015675.0,1.6626582278481012
11000000,11210842.0,1.9167454545454548
4350000,4349742.5,-0.005919540229885057
2895000,2863433.5,-1.0903799654576858
3145000,3154322.5,0.296422893481717
5995000,6020690.0,0.42852376980817347
2495000,2545879.2,2.039248496993988
3590000,3607819.0,0.4963509749303621
5395000,5399697.5,0.08707136237256718
3495000,3362597.5,-3.788340486409156
2995000,3082498.0,2.9214691151919867
3975000,4047827.8,1.8321446540880502
2895000,2938717.0,1.5100863557858377
4195000,4298789.5,2.474123957091776
8550000,8641122.0,1.0657543859649123
2795000,2821037.8,0.9315831842576028
6995000,7011589.0,0.23715511079342388
2495000,2548042.0,2.125931863727455
5750000,5887175.0,2.3856521739130434
7450000,7483673.0,0.4519865771812081
10500000,10416853.0,-0.7918761904761904
12500000,12597828.0,0.782624
3495000,3500858.5,0.16762517882689557
3495000,3513154.0,0.5194277539341917
3250000,3348929.2,3.043976923076923
13750000,14203580.0,3.2987636363636366
3395000,3298044.5,-2.8558321060382914
7950000,8099936.0,1.8859874213836478
3275000,3279077.0,0.12448854961832061
2995000,3015686.5,0.6907011686143573
2995000,3065999.8,2.370609348914858
3600000,3621353.5,0.5931527777777778
8950000,8831509.0,-1.3239217877094973
8450000,8540446.0,1.0703668639053254
7150000,7057203.0,-1.2978601398601397
3395000,3334693.2,-1.776340206185567
3495000,3545083.0,1.4329899856938484
5695000,5681099.0,-0.24409130816505706
3100000,3101389.2,0.044814516129032256
3150000,3064625.2,-2.710309523809524
3350000,3383138.8,0.9892164179104478
4995000,5006700.0,0.23423423423423423
3295000,3316063.2,0.6392488619119878
4295000,4353844.5,1.370069848661234
2995000,3072229.0,2.5785976627712857
12995000,13235677.0,1.8520738745671412
2995000,3033811.5,1.2958764607679465
2995000,3030412.8,1.1823956594323872
6995000,7077966.0,1.1860757684060041
5295000,5275975.0,-0.3593012275731822
1795000,1943314.0,8.262618384401115
4795000,4780540.0,-0.30156412930135557
5795000,5922331.0,2.19725625539258
6495000,6531586.5,0.5633025404157044
4395000,4417331.5,0.5081114903299204
2395000,2453481.8,2.4418267223382046
4495000,4515638.5,0.45914349276974414
15495000,16667862.0,7.569293320425944
4250000,4298471.0,1.1404941176470589
2995000,3040732.5,1.5269616026711186
2695000,2749669.0,2.0285343228200374
10250000,10128462.0,-1.1857365853658537
3995000,4080239.5,2.133654568210263
6195000,6311646.0,1.8829055690072638
3750000,3773176.5,0.61804
4295000,4233655.5,-1.428277066356228
7995000,8085436.0,1.1311569731081927
3195000,3210204.5,0.47588419405320814
3495000,3496505.5,0.0430758226037196
3195000,3275975.5,2.5344444444444445
3795000,3840970.8,1.2113504611330699
3950000,3918469.0,-0.7982531645569619
7500000,7462066.0,-0.5057866666666666
3150000,3240677.5,2.8786507936507935
8995000,8863650.0,-1.4602556976097831
5995000,5995724.0,0.012076730608840701
6795000,6786933.0,-0.118719646799117
3995000,4051713.8,1.4196182728410511
3750000,3864305.8,3.0481533333333335
6200000,6217341.0,0.27969354838709676
3750000,3777996.0,0.74656
2450000,2506499.5,2.3061020408163264
4700000,4708387.5,0.17845744680851064
10800000,11102627.0,2.8021018518518517
13495000,14445925.0,7.046498703223417
6495000,6501895.0,0.10615858352578907
3495000,3522617.5,0.7902002861230328
3495000,3493789.0,-0.034649499284692416
3250000,3278458.0,0.8756307692307692
3350000,3404291.0,1.6206268656716416
2895000,2935199.0,1.388566493955095
3250000,3243085.2,-0.21276153846153845
6495000,6486727.5,-0.12736720554272518
3995000,4085901.2,2.275375469336671
4495000,4564997.5,1.5572302558398219
6195000,6226516.0,0.5087328490718321
1995000,2065877.2,3.5527443609022553
2495000,2573540.8,3.147925851703407
3695000,3714895.5,0.5384438430311231
4295000,4304887.5,0.23020954598370197
2995000,2942021.2,-1.768906510851419
2495000,2545379.0,2.019198396793587
7000000,7105534.5,1.5076357142857144
2895000,2935029.5,1.3827115716753022
3795000,3790383.2,-0.12165349143610012
4795000,4811774.5,0.3498331595411887
2725000,2749778.5,0.9093027522935779
6795000,6784832.5,-0.14963208241353937
5395000,5457711.0,1.1623911028730305
3150000,3152170.8,0.06891269841269841
4195000,4206909.5,0.2838974970202622
3750000,3750173.5,0.004626666666666667
7000000,7225511.0,3.2215857142857143
2750000,2824248.0,2.6999272727272725
4795000,4825745.0,0.6411887382690302
7750000,7791338.0,0.5333935483870967
2825000,2861782.5,1.3020353982300885
2495000,2576078.0,3.2496192384769538
7650000,7673793.5,0.3110261437908497
3395000,3409752.5,0.4345360824742268
3995000,3988944.2,-0.15158322903629537
3295000,3390950.5,2.9120030349013657
3450000,3468869.8,0.5469492753623189
5295000,5414142.0,2.250084985835694
7150000,7255370.0,1.4737062937062937
5995000,6074503.5,1.326163469557965
4475000,4499006.0,0.5364469273743017
6295000,6279567.0,-0.2451628276409849
5495000,5499038.0,0.0734849863512284
6695000,6713985.0,0.2835698282300224
2195000,2305113.5,5.016560364464692
3195000,3231830.8,1.1527621283255085
2495000,2549700.2,2.1923947895791582
3495000,3502596.0,0.21733905579399143
4995000,4985144.0,-0.19731731731731733
3195000,3252169.8,1.7893505477308294
2400000,2379815.0,-0.8410416666666667
2395000,2436559.0,1.735240083507307
3650000,3698382.0,1.3255342465753426
1895000,1963470.2,3.6132058047493407
1995000,2077339.1,4.127274436090225
2995000,2958283.0,-1.2259432387312186
4200000,4224207.5,0.5763690476190476
2100000,2082159.5,-0.849547619047619
2495000,2499757.2,0.19067134268537073
2795000,2831290.2,1.2983989266547404
3695000,3597941.0,-2.626765899864682
7495000,7590557.0,1.2749432955303535
8795000,8741133.0,-0.6124729960204662
4495000,4542926.5,1.0662180200222469
5695000,5706846.0,0.2080070237050044
8995000,9027228.0,0.3582879377431907
3600000,3636171.2,1.0047569444444444
5795000,5768697.0,-0.4538912855910267
5195000,5237947.5,0.8267083734359961
5850000,5858248.5,0.14100000000000001
4250000,4223300.0,-0.6282352941176471
6150000,6146232.5,-0.06126016260162601
3095000,3069952.0,-0.8093053311793216
3095000,3152263.8,1.8502019386106623
3995000,4040799.5,1.1464205256570714
3995000,3954128.2,-1.023072590738423
3350000,3299407.0,-1.5102388059701493
5695000,5728599.5,0.5899824407374891
4995000,5009401.0,0.28830830830830834
5995000,6009497.5,0.24182652210175148
4995000,4996898.0,0.037997997997998
4995000,5069689.0,1.4952752752752752
5895000,6015882.0,2.0505852417302797
5295000,5328335.0,0.6295561850802645
3995000,4048393.2,1.3365018773466832
6995000,7043407.0,0.692022873481058
4795000,4773487.0,-0.44865484880083417
4995000,4979546.5,-0.30937937937937937
5495000,5526086.0,0.5657142857142857
3595000,3569490.8,-0.7095757997218358
5995000,6002403.0,0.12348623853211009
3495000,3499357.8,0.12468526466380545
5995000,6024802.0,0.4971142618849041
3895000,3893515.0,-0.03812580231065468
3495000,3492059.2,-0.08414163090128755
3995000,4008699.0,0.34290362953692116
3595000,3578564.0,-0.4571905424200278
4995000,4974128.5,-0.41784784784784784
2995000,2999828.0,0.16120200333889817
2895000,2912884.5,0.6177720207253886
3695000,3732676.5,1.0196617050067658
4195000,4265166.5,1.6726221692491061
8995000,8934914.0,-0.6679933296275709
3595000,3612298.2,0.48117524339360224
2795000,2861337.0,2.3734168157423974
5495000,5545587.0,0.9206005459508645
13495000,14890320.0,10.339533160429788
10600000,10587198.0,-0.12077358490566038
4150000,4126713.0,-0.5611325301204819
3595000,3596477.8,0.041105702364394994
1995000,1968431.2,-1.3317669172932332
3200000,3233743.5,1.054484375
3200000,3272083.8,2.2526171875000003
2695000,2647667.5,-1.7563079777365491
13500000,14261250.0,5.638888888888889
10995000,11224418.0,2.0865666211914506
2195000,2217156.0,1.009384965831435
4995000,5050442.5,1.1099599599599599
3795000,3757344.5,-0.9922397891963108
3195000,3199033.0,0.1262284820031299
2975000,3013680.0,1.3001680672268907
6795000,6864483.0,1.022560706401766
6995000,7080240.0,1.2185847033595425
6495000,6497022.0,0.031131639722863744
6495000,6520687.0,0.3954888375673595
3495000,3583133.0,2.5216881258941344
4350000,4377447.5,0.6309770114942529
16000000,16459357.0,2.8709812500000003
6295000,6422018.0,2.017760127084988
3695000,3790363.2,2.580872801082544
4695000,4683253.5,-0.2501916932907349
6995000,6965054.5,-0.4280986418870622
2595000,2658401.5,2.443217726396917
4890000,4838510.5,-1.052955010224949
5495000,5480665.0,-0.2608735213830755
4995000,4953567.0,-0.8294894894894895
2150000,2210454.0,2.811813953488372
2500000,2538056.5,1.52226
5795000,5781094.0,-0.23996548748921484
4495000,4538923.5,0.9771635150166852
2195000,2224040.5,1.3230296127562642
2795000,2810316.0,0.5479785330948121
1595000,1700106.2,6.589733542319749
4795000,4757056.0,-0.7913242961418144
3650000,3594388.2,-1.523609589041096
3895000,3822452.5,-1.8625802310654687
4640000,4655871.5,0.34205818965517243
5040000,5093566.5,1.062827380952381
2750000,2821038.0,2.5832
2695000,2739287.0,1.6433024118738406
2750000,2821906.5,2.614781818181818
3595000,3620674.0,0.7141585535465925
2695000,2725980.5,1.1495547309833023
2695000,2753816.0,2.1824118738404454
2495000,2574562.0,3.1888577154308617
1995000,2098840.8,5.205050125313283
5995000,5978283.0,-0.2788490408673895
3395000,3381334.8,-0.4025110456553756
2695000,2738075.2,1.598339517625232
2695000,2685696.5,-0.3452133580705009
3845000,3870469.5,0.6624057217165149
2650000,2719057.5,2.605943396226415
2495000,2567905.5,2.9220641282565127
2890000,2951856.5,2.140363321799308
2995000,3043564.2,1.6215108514190317
3995000,3996093.5,0.02737171464330413
2395000,2467774.0,3.038580375782881
6795000,6799116.5,0.06058130978660779
2595000,2636320.8,1.5923217726396919
2395000,2393904.5,-0.04574112734864301
3650000,3685427.0,0.9706027397260274
2995000,3056909.0,2.0670784641068445
2295000,2317089.0,0.962483660130719
2790000,2876818.5,3.111774193548387
2695000,2687324.0,-0.2848237476808905
9750000,9869530.0,1.225948717948718
2995000,3012469.0,0.5832721202003339
7495000,7552296.5,0.7644629753168779
3495000,3483847.0,-0.3191130185979971
6275000,6332002.5,0.908406374501992
2995000,2992462.0,-0.08474123539232054
5995000,6004227.5,0.15391993327773143
4995000,5029419.5,0.6890790790790791
3995000,4019699.0,0.6182478097622027
3295000,3378766.8,2.542238239757208
2395000,2425524.5,1.2745093945720252
2495000,2552313.8,2.2971442885771545
2695000,2752677.0,2.1401484230055656
7495000,7552200.0,0.7631754503002002
4995000,4966485.5,-0.5708608608608609
3295000,3295953.0,0.02892261001517451
3150000,3231796.0,2.5966984126984127
2750000,2814825.5,2.357290909090909
4295000,4293091.0,-0.04444703143189756
4950000,4997184.0,0.9532121212121212
4995000,5022776.0,0.556076076076076
6395000,6601079.0,3.222501954652072
5495000,5446208.0,-0.8879344858962693
6800000,6901533.0,1.4931323529411764
2995000,2964115.0,-1.0312186978297162
2595000,2619607.0,0.9482466281310211
3775000,3802651.5,0.7324900662251655
7495000,7433248.0,-0.8239092728485657
7895000,7981940.5,1.1012096263457885
4600000,4629936.5,0.6507934782608695
6750000,6821529.0,1.059688888888889
2995000,3040531.5,1.5202504173622704
2995000,2997038.5,0.0680634390651085
2995000,2997682.5,0.08956594323873122
5995000,6049770.0,0.9135946622185155
12500000,12509575.0,0.0766
4595000,4617072.0,0.480348204570185
6995000,7137501.0,2.037183702644746
2950000,2994019.2,1.492177966101695
13950000,14363452.0,2.9638136200716847
3395000,3429546.5,1.0175699558173785
7900000,7959427.0,0.7522405063291139
3995000,3965284.8,-0.743811013767209
7250000,7311246.5,0.8447793103448277
5695000,5805084.5,1.9330026338893767
4195000,4213885.0,0.4501787842669845
13500000,13646787.0,1.0873111111111111
1595000,1715066.0,7.527648902821317
1595000,1721005.5,7.900031347962383
4195000,4210305.0,0.36483909415971394
9995000,10073006.0,0.7804502251125562
10850000,10563748.0,-2.6382672811059904
16500000,16640781.0,0.8532181818181819
10495000,10314440.0,-1.7204383039542641
6995000,7066666.0,1.024531808434596
8750000,8870517.0,1.3773371428571428
4800000,4843245.0,0.9009375
5995000,6172499.0,2.9607839866555463
9750000,9425800.0,-3.325128205128205
11500000,11337367.0,-1.4142
3895000,3971432.0,1.962310654685494
16200000,15866960.0,-2.0558024691358026
3750000,3737885.5,-0.32305333333333336
4995000,4969984.0,-0.5008208208208209
3200000,3099779.5,-3.131890625
2095000,2059351.1,-1.7016169451073986
3400000,3408628.8,0.25378676470588235
2195000,2246525.0,2.347380410022779
3950000,3936323.0,-0.34625316455696203
2195000,2213597.0,0.847243735763098
2195000,2209567.5,0.6636674259681093
995000,1089516.2,9.499120603015076
1995000,2002394.5,0.37065162907268173
1495000,1597908.8,6.883528428093645
1650000,1674149.8,1.4636212121212122
2000000,2008766.8,0.4383375
2495000,2497087.5,0.08366733466933868
2295000,2321497.0,1.154553376906318
2400000,2399701.5,-0.0124375
1850000,1846553.2,-0.1863108108108108
1750000,1766116.0,0.9209142857142857
2250000,2227973.0,-0.9789777777777777
1875000,1868471.8,-0.34817333333333333
1995000,1998807.2,0.19083959899749373
1950000,1948637.8,-0.06985897435897435
2095000,2123712.5,1.3705250596658711
1995000,1990443.5,-0.22839598997493735
1550000,1664213.8,7.368629032258064
2375000,2407805.5,1.381284210526316
1895000,1892016.2,-0.15745382585751977
3100000,3123807.5,0.767983870967742
2195000,2222333.5,1.245261958997722
1995000,2008139.8,0.6586340852130326
1995000,2005690.8,0.5358771929824561
2675000,2712411.0,1.3985420560747663
2395000,2404332.5,0.3896659707724426
1550000,1641684.0,5.9150967741935485
2795000,2810631.8,0.5592754919499106
1600000,1685267.5,5.32921875
2375000,2423728.0,2.0517052631578947
2695000,2735889.2,1.517226345083488
3995000,3984360.2,-0.26632665832290364
1995000,1988473.0,-0.3271679197994988
2795000,2808264.5,0.4745796064400716
1495000,1497720.8,0.18198996655518393
1595000,1608068.2,0.8193260188087773
2395000,2566576.0,7.1639248434238
2095000,2058104.5,-1.7611217183770882
1695000,1700320.0,0.31386430678466076
2120000,2059852.8,-2.837134433962264
2395000,2365649.0,-1.2255114822546973
1995000,1966999.8,-1.4035213032581455
1995000,1974624.5,-1.0213283208020052
1895000,1883863.5,-0.5876781002638523
1595000,1608357.0,0.8374294670846395
1695000,1700468.2,0.3226106194690265
1995000,1963756.0,-1.5661152882205513
1995000,1997908.2,0.14577694235588973
1995000,1986007.8,-0.45073934837092733
1995000,1962774.5,-1.6153132832080201
1995000,1942404.5,-2.636365914786967
1695000,1728483.8,1.9754424778761062
2695000,2732410.5,1.3881447124304267
3250000,3276869.0,0.8267384615384615
3250000,3126617.8,-3.7963769230769233
2695000,2738454.5,1.6124118738404452
2695000,2730187.0,1.3056400742115029
3350000,3325967.5,-0.7173880597014926
2495000,2505661.0,0.4272945891783567
3750000,3773345.2,0.62254
2950000,2964056.0,0.4764745762711864
2795000,2875522.0,2.880930232558139
3590000,3600620.2,0.29582869080779944
7050000,7097191.0,0.6693758865248226
2950000,3034088.0,2.850440677966102
3495000,3505951.0,0.31333333333333335
2395000,2472744.0,3.2460960334029223
1975000,2017746.2,2.164367088607595
6150000,6144232.5,-0.09378048780487805
2995000,3069894.5,2.5006510851419033
3490000,3613757.8,3.546067335243553
6950000,6984150.5,0.49137410071942444
4140000,4085154.5,-1.3247705314009661
2195000,2236423.5,1.8871753986332573
2495000,2502957.0,0.3189178356713427
2195000,2101315.5,-4.268086560364464
3750000,3727975.5,-0.5873200000000001
5395000,5484074.5,1.6510565338276182
8950000,9039771.0,1.0030279329608938
3350000,3444977.5,2.8351492537313434
3995000,4047534.5,1.3150062578222779
3095000,3049998.0,-1.4540226171243942
4195000,4167576.0,-0.65373063170441
1950000,1968354.8,0.9412692307692307
2695000,2699500.0,0.16697588126159554
3795000,3863277.8,1.7991501976284585
2295000,2335147.5,1.7493464052287582
3995000,4017695.0,0.5680851063829787
2495000,2465840.5,-1.1687174348697396
2150000,2160539.0,0.4901860465116279
2095000,2085213.9,-0.46711813842482103
2995000,2992562.2,-0.08139398998330552
2295000,2303011.0,0.34906318082788673
3040000,2980819.5,-1.9467269736842103
1150000,1260886.2,9.642282608695654
2050000,2043227.0,-0.33039024390243904
1495000,1541391.8,3.1031270903010033
2795000,2832457.8,1.340169946332737
1249000,1301147.5,4.175140112089672
5190000,5177975.5,-0.2316859344894027
1695000,1760876.2,3.886504424778761
2275000,2303547.5,1.2548351648351648
1295000,1399453.5,8.065907335907335
1995000,2009674.8,0.7355764411027569
1995000,1955165.5,-1.9967167919799498
3995000,3965200.8,-0.7459136420525657
1595000,1674174.0,4.963887147335424
1990000,2000343.2,0.5197613065326633
1700000,1747370.2,2.786485294117647
1990000,1966154.2,-1.198278894472362
1449000,1456798.2,0.5381815044858523
1495000,1531747.5,2.458026755852843
3195000,3193595.2,-0.04396713615023474
2200000,2170195.5,-1.3547500000000001
1695000,1663332.5,-1.8682890855457226
1595000,1610903.0,0.9970532915360502
1990000,1969692.8,-1.020464824120603
5390000,5354493.5,-0.658747680890538
1890000,1919738.8,1.5734788359788359
1475000,1559628.8,5.737542372881356
1695000,1699641.8,0.27384955752212387
1590000,1698820.5,6.844056603773585
2095000,2065546.9,-1.4058770883054894
1425000,1512756.2,6.158333333333333
1990000,1960910.8,-1.4617713567839197
4690000,4759589.5,1.4837846481876333
3335000,3371455.5,1.0931184407796102
1595000,1619687.0,1.5477742946708464
1750000,1817613.2,3.8636142857142857
1790000,1793803.8,0.21250000000000002
1795000,1783157.5,-0.6597493036211699
1695000,1757901.5,3.711002949852507
2195000,2167843.5,-1.2371981776765377
2040000,2027883.0,-0.5939705882352941
2690000,2689467.0,-0.019814126394052042
1495000,1598824.5,6.944782608695651
3225000,3183616.5,-1.2832093023255813
1995000,1969906.2,-1.2578320802005014
1910000,1898477.2,-0.603285340314136
3845000,3816350.8,-0.7451040312093627
2700000,2708725.2,0.3231574074074074
1995000,2000252.8,0.2632957393483709
1310000,1347000.2,2.824446564885496
1595000,1672601.0,4.865266457680251
1395000,1436092.5,2.9456989247311824
1995000,1965300.8,-1.4886842105263158
2400000,2437377.0,1.5573750000000002
2995000,2953992.5,-1.3691986644407346
1695000,1679767.0,-0.8987020648967552
3295000,3276589.2,-0.5587481031866465
2195000,2244722.2,2.2652505694760823
6295000,6339122.0,0.7009054805401111
3695000,3747254.2,1.4141880920162382
6995000,6977054.0,-0.25655468191565406
3495000,3520956.2,0.7426680972818311
7990000,8009487.0,0.24389236545682103
6895000,6947489.0,0.7612617839013778
6500000,6523876.5,0.36733076923076924
8995000,8987744.0,-0.08066703724291273
7595000,7648320.0,0.7020408163265306
5040000,5078720.5,0.7682638888888889
3395000,3408153.0,0.38742268041237116
9900000,9950994.0,0.515090909090909
9340000,9476540.0,1.4618843683083511
10950000,11191923.0,2.2093424657534246
3695000,3691323.2,-0.09950608930987821
3695000,3731470.0,0.9870094722598106
4395000,4417715.5,0.516848691695108
7495000,7597456.0,1.3669913275517012
4040000,4092454.0,1.2983663366336633
4450000,4581785.5,2.9614719101123597
5295000,5245748.0,-0.9301605288007555
3445000,3450848.8,0.16977503628447024
5940000,5920862.0,-0.3221885521885522
10950000,11114944.0,1.506337899543379
1495000,1617365.0,8.18494983277592
6595000,6686014.5,1.3800530705079606
9840000,9916195.0,0.774339430894309
4995000,5010874.5,0.3178078078078078
3150000,3178257.8,0.8970714285714285
2795000,2812846.0,0.6384973166368515
3350000,3226461.0,-3.687731343283582
3345000,3338752.0,-0.1867862481315396
3995000,3954233.5,-1.0204380475594492
1495000,1576111.8,5.425535117056856
4995000,4970773.0,-0.48502502502502504
4550000,4599753.0,1.0934725274725274
4850000,4917343.0,1.388515463917526
5495000,5529388.0,0.6258052775250228
6495000,6488610.0,-0.09838337182448036
6395000,6540022.0,2.2677404222048474
11695000,11827286.0,1.1311329628046174
3995000,3938422.8,-1.4162015018773466
7295000,7371974.0,1.055161069225497
4595000,4647189.0,1.135778019586507
4395000,4448415.0,1.215358361774744
2995000,3010352.5,0.5126043405676126
2295000,2345954.2,2.2202287581699345
4995000,5010491.0,0.31013013013013013
3350000,3318143.2,-0.9509477611940299
2090000,2132758.8,2.0458732057416267
2750000,2772937.2,0.8340818181818181
3250000,3241052.0,-0.2753230769230769
2250000,2226317.5,-1.0525555555555555
5995000,5999287.5,0.07151793160967473
2595000,2609701.0,0.5665125240847785
2750000,2750626.0,0.022763636363636364
2695000,2713286.5,0.6785343228200371
3395000,3382050.0,-0.3814432989690722
2495000,2512721.5,0.7102805611222446
1995000,2044429.5,2.477669172932331
7350000,7373135.0,0.31476190476190474
1895000,1979942.2,4.482440633245383
2895000,2845162.0,-1.7215198618307428
2495000,2538143.0,1.729178356713427
5250000,5317721.0,1.2899238095238095
3495000,3489948.5,-0.14453505007153075
2895000,2904795.8,0.3383678756476684
2995000,3021573.5,0.8872621035058431
2495000,2531966.5,1.481623246492986
2095000,2066234.4,-1.3730608591885443
1925000,1902699.8,-1.1584545454545454
2895000,2940853.0,1.5838687392055268
1400000,1428239.0,2.0170714285714286
1495000,1529799.2,2.3277090301003343
2250000,2223227.0,-1.189911111111111
1695000,1761154.0,3.902890855457227
1795000,1812679.8,0.9849442896935934
3200000,3199881.0,-0.0037187500000000003
2595000,2582778.5,-0.4709633911368015
3290000,3330725.8,1.2378647416413373
2795000,2776731.0,-0.6536314847942755
1695000,1706451.2,0.6755899705014748
2250000,2219218.8,-1.3680555555555556
1995000,1977623.5,-0.8710025062656642
1950000,1939121.0,-0.5578974358974359
1250000,1272817.5,1.8254
2350000,2347722.5,-0.09691489361702127
2495000,2507735.5,0.5104408817635271
2200000,2188144.0,-0.5389090909090909
1895000,1912495.2,0.9232321899736149
5850000,5993227.0,2.448324786324786
4250000,4256545.5,0.15401176470588235
6195000,6192033.0,-0.04789346246973365
5500000,5609362.0,1.9884
4895000,4962109.0,1.3709703779366702
4795000,4841650.0,0.97288842544317
3250000,3281895.5,0.9813999999999999
4250000,4297292.5,1.1127647058823529
5450000,5450600.0,0.011009174311926606
3995000,4077458.0,2.064030037546934
2995000,3012841.5,0.5957095158597663
4450000,4448457.5,-0.034662921348314606
3695000,3797180.5,2.7653721244925578
3395000,3501541.0,3.1381737849779086
6995000,7081176.0,1.2319656897784133
5750000,5835530.0,1.4874782608695654
4200000,4186549.0,-0.32026190476190475
12500000,12936671.0,3.4933680000000003
4700000,4753643.0,1.141340425531915
2150000,2251179.5,4.706023255813953
5250000,5227101.0,-0.43617142857142854
4800000,4854611.5,1.1377395833333332
8800000,8848118.0,0.5467954545454545
3995000,3987247.0,-0.19406758448060074
4995000,4897967.0,-1.9426026026026029
2495000,2575579.5,3.2296392785571144
3495000,3595733.8,2.88222460658083
7900000,7841017.5,-0.746613924050633
3495000,3508668.2,0.3910801144492132
8500000,8686914.0,2.1989882352941175
4795000,4843722.5,1.0161105318039625
5990000,6024338.0,0.5732554257095158
4595000,4586986.5,-0.17439608269858542
3750000,3887460.8,3.66562
14000000,14604965.0,4.321178571428572
3995000,4068997.8,1.852259073842303
2995000,2951189.2,-1.4627963272120201
3150000,3209198.8,1.879325396825397
5850000,5902534.5,0.898025641025641
2850000,2922835.5,2.5556315789473683
2995000,3060680.0,2.1929883138564277
4500000,4605498.0,2.3444
9000000,8931874.0,-0.7569555555555556
11500000,11551526.0,0.4480521739130435
4000000,4021962.2,0.54905625
6950000,6990122.0,0.577294964028777
3995000,4086743.2,2.296451814768461
3495000,3519227.2,0.6931974248927039
3795000,3886616.5,2.414137022397892
4500000,4347385.5,-3.391433333333333
6195000,6215725.0,0.33454398708635996
6495000,6515321.5,0.3128791377983064
3995000,4079978.8,2.127127659574468
10495000,10609183.0,1.0879752262982374
3895000,3998675.2,2.661752246469833
2395000,2475163.0,3.347098121085595
4250000,4253630.5,0.0854235294117647
6495000,6559233.0,0.9889607390300231
3850000,3962905.0,2.9325974025974024
9750000,9779583.0,0.30341538461538464
6695000,6757250.0,0.9297983569828231
2795000,2898792.5,3.7135062611806795
7500000,7576265.0,1.0168666666666666
10995000,10978279.0,-0.15207821737153251
3450000,3547292.2,2.8200652173913046
3995000,3989353.5,-0.14133917396745932
3850000,3881153.8,0.8091883116883117
3795000,3798130.0,0.08247694334650855
5495000,5598709.0,1.887333939945405
5995000,6015626.0,0.3440533778148457
7350000,7372440.5,0.30531292517006803
3995000,4078196.8,2.082521902377972
3995000,4058243.5,1.5830663329161454
3495000,3521196.2,0.7495350500715308
3550000,3589557.8,1.1143028169014084
7000000,7093727.5,1.3389642857142856
9000000,9073942.0,0.8215777777777779
3750000,3808921.8,1.5712466666666667
6950000,6940117.0,-0.14220143884892086
3995000,4107418.2,2.813973717146433
2495000,2610671.2,4.636122244488978
6700000,6793222.0,1.3913731343283582
5995000,6037873.0,0.7151459549624688
6395000,6426974.5,0.4999921813917123
6495000,6531216.0,0.5575981524249423
6950000,7047767.0,1.4067194244604315
2995000,3048471.5,1.7853589315525875
3900000,3998564.0,2.5272820512820515
3900000,3988203.8,2.261634615384615
2550000,2654387.5,4.093627450980392
3100000,3152466.0,1.6924516129032257
3195000,3310850.8,3.626001564945227
2495000,2590193.2,3.8153607214428855
7995000,8026318.0,0.39171982489055657
5950000,5955391.5,0.09061344537815126
4750000,4824303.5,1.5642842105263157
3750000,3782934.2,0.8782466666666667
2995000,3006061.5,0.3693322203672788
3695000,3746783.5,1.401447902571042
2950000,3012008.0,2.101966101694915
7195000,7182723.5,-0.17062543432939542
3995000,4122578.5,3.193454317897372
12995000,13095423.0,0.7727818391689111
19950000,19803372.0,-0.7349774436090225
5995000,6143392.0,2.4752627189324437
3575000,3646618.0,2.003300699300699
3750000,3798684.2,1.2982466666666665
5595000,5740755.0,2.605093833780161
4395000,4428032.5,0.7515927189988624
6450000,6514012.0,0.9924341085271318
9495000,9424634.0,-0.7410847814639284
6475000,6530638.0,0.8592741312741313
3695000,3778101.2,2.249018944519621
7150000,7151674.0,0.023412587412587414
6250000,6326218.0,1.219488
6250000,6260930.5,0.174888
2595000,2685919.5,3.50364161849711
2995000,3045695.0,1.6926544240400667
7950000,7889402.0,-0.7622389937106918
7450000,7431602.0,-0.2469530201342282
3250000,3361022.5,3.4160769230769232
5500000,5568047.5,1.2372272727272726
3475000,3548198.0,2.10641726618705
2495000,2588432.2,3.7447795591182365
5695000,5769849.0,1.3142932396839333
6950000,7017142.5,0.9660791366906474
4495000,4500554.5,0.12357063403781979
2995000,2902558.0,-3.0865442404006678
5495000,5545546.5,0.9198635122838944
2495000,2469133.8,-1.0367234468937876
8295000,8232529.0,-0.7531163351416517
6750000,6765416.0,0.2283851851851852
3495000,3588128.5,2.664620886981402
9950000,9912514.0,-0.3767437185929648
5250000,5233315.5,-0.31779999999999997
2950000,2999445.0,1.676101694915254
5395000,5508659.0,2.1067469879518073
30000000,25695242.0,-14.349193333333332
6995000,7012179.0,0.24558970693352397
3695000,3744644.5,1.3435588633288227
5495000,5538259.5,0.7872520473157415
3450000,3535994.0,2.4925797101449274
3375000,3355978.5,-0.5636
2150000,2295435.0,6.764418604651162
5650000,5796620.0,2.5950442477876106
2750000,2771192.0,0.7706181818181818
7495000,7586390.0,1.219346230820547
3495000,3569570.5,2.1336337625178827
5400000,5472471.0,1.3420555555555556
5575000,5724776.0,2.6865650224215245
3250000,3332314.8,2.5327615384615387
3950000,3986059.5,0.9128987341772152
3595000,3612298.0,0.48116828929068145
11000000,11007852.0,0.07138181818181819
6795000,6829670.5,0.5102354672553348
7300000,7352805.0,0.7233561643835617
2495000,2609256.5,4.579418837675351
4350000,4370637.5,0.47442528735632183
8000000,7931454.0,-0.856825
5950000,5989763.5,0.6682941176470588
7750000,7910090.0,2.065677419354839
5695000,5692341.0,-0.0466900790166813
2850000,2902903.5,1.8562631578947368
9950000,10326637.0,3.7852964824120603
9450000,9561915.0,1.1842857142857144
5100000,5123580.0,0.4623529411764706
7250000,7323148.0,1.0089379310344826
1995000,2093223.0,4.923458646616542
2990000,2993537.5,0.11831103678929765
2450000,2540274.0,3.6846530612244894
5500000,5581625.0,1.4840909090909091
4450000,4499329.0,1.1085168539325843
5775000,5869228.0,1.6316536796536798
11450000,11178804.0,-2.368524017467249
7950000,8073696.0,1.5559245283018868
4750000,4895913.0,3.071852631578947
7250000,7220320.0,-0.4093793103448276
7350000,7455435.0,1.4344897959183673
5995000,6013559.0,0.3095746455379483
6995000,6998580.5,0.05118656182987848
3950000,4084825.2,3.41329746835443
2975000,2982980.5,0.2682521008403361
3150000,3183268.0,1.0561269841269842
3495000,3482556.5,-0.3560371959942776
3395000,3386890.5,-0.2388659793814433
6395000,6393348.0,-0.025832681782642686
7915000,7975630.0,0.7660138976626658
3995000,4034177.0,0.9806508135168961
2040000,2111619.8,3.5107720588235294
1995000,2058184.5,3.1671428571428573
3549000,3604975.0,1.5772048464356159
2695000,2717175.5,0.8228385899814471
2225000,2268975.0,1.9764044943820225
2675000,2709421.8,1.2867943925233645
3250000,3380977.2,4.0300692307692305
2700000,2741190.5,1.5255740740740742
2850000,2813349.5,-1.285982456140351
5195000,5183923.0,-0.21322425409047158
2895000,2951007.0,1.9346113989637304
2695000,2723514.5,1.058051948051948
5495000,5512506.5,0.318589626933576
6995000,6976828.5,-0.2597784131522516
2250000,2280224.0,1.3432888888888888
2795000,2818708.5,0.8482468694096601
5350000,5392282.0,0.7903177570093458
2695000,2710445.0,0.5730983302411874
2595000,2662595.0,2.6048169556840075
2595000,2645059.8,1.9290847784200384
3395000,3385290.5,-0.28599410898379973
5950000,5967309.5,0.2909159663865546
3995000,3962720.0,-0.8080100125156445
2795000,2814134.0,0.6845796064400715
3495000,3483594.5,-0.32633762517882686
2600000,2657507.0,2.2118076923076924
2520000,2563919.5,1.7428373015873015
4600000,4605669.0,0.1232391304347826
5795000,5760970.5,-0.5872217428817946
3450000,3448272.2,-0.05007971014492754
3100000,3026036.5,-2.38591935483871
2495000,2531410.8,1.4593486973947896
4295000,4323871.5,0.6722118742724098
3595000,3565868.8,-0.8103268428372741
2295000,2291219.5,-0.16472766884531592
2695000,2758248.2,2.346873840445269
5995000,5990636.5,-0.07278565471226021
5495000,5484565.0,-0.18989990900818926
2195000,2213883.5,0.8602961275626424
2895000,2921776.0,0.9249050086355786
13750000,14175724.0,3.0961745454545455
11995000,12082307.0,0.7278616090037515
7950000,8059732.0,1.3802767295597484
7990000,8022422.5,0.40578848560700875
7995000,8018496.5,0.2938899312070044
5295000,5355670.5,1.1458073654390935
7395000,7445258.0,0.6796213657876944
6995000,7041731.0,0.6680629020729092
6995000,7058057.0,0.901458184417441
3995000,3997613.5,0.06541927409261578
6495000,6532629.5,0.5793610469591994
4495000,4575165.0,1.7834260289210233
2290000,2404352.8,4.993569868995633
12000000,12090554.0,0.7546166666666666
4295000,4413093.0,2.749545983701979
12200000,12336894.0,1.1220819672131148
3195000,3177407.2,-0.5506338028169014
2575000,2679512.0,4.058718446601942
3995000,4029601.2,0.8661138923654568
7250000,7271809.0,0.30081379310344825
7850000,7890476.5,0.5156242038216561
10995000,11084325.0,0.8124147339699863
10500000,10498390.0,-0.015333333333333334
4895000,4864930.0,-0.6143003064351379
7975000,7992108.5,0.21452664576802508
3295000,3372307.0,2.3461911987860398
11150000,11107732.0,-0.37908520179372196
9995000,10090362.0,0.9540970485242621
2895000,2916653.5,0.7479620034542315
12495000,12627188.0,1.0579271708683473
4700000,4748379.0,1.029340425531915
5995000,6191689.5,3.280892410341952
7495000,7557717.0,0.8367845230153435
5400000,5382110.5,-0.33128703703703705
3795000,3731426.5,-1.6751910408432147
2995000,3051315.0,1.8803005008347244
8500000,8566424.0,0.7814588235294119
11950000,11942404.0,-0.06356485355648536
10500000,10491022.0,-0.0855047619047619
7650000,7709983.0,0.7840915032679738
7950000,8001916.0,0.6530314465408805
5950000,5966826.0,0.28278991596638653
5995000,6065852.5,1.18185988323603
6500000,6512901.5,0.1984846153846154
4750000,4786719.0,0.7730315789473684
3550000,3567457.0,0.4917464788732394
9395000,9426140.0,0.3314529004789782
5500000,5098419.0,-7.301472727272727
11995000,12164246.0,1.41097123801584
3800000,3898868.0,2.6017894736842107
11500000,11447166.0,-0.45942608695652176
6995000,6925727.0,-0.9903216583273767
8995000,9098112.0,1.146325736520289
3795000,3832228.0,0.9809749670619236
5100000,5124238.0,0.4752549019607843
6995000,7082940.0,1.2571837026447463
3795000,3765062.5,-0.7888669301712781
3995000,4052330.5,1.4350563204005007
3495000,3550166.0,1.5784263233190272
8750000,8799330.0,0.5637714285714286
6250000,6347938.0,1.567008
2750000,2816238.5,2.4086727272727275
11995000,12227520.0,1.938474364318466
7990000,7888947.0,-1.2647434292866082
6195000,6230952.0,0.5803389830508474
5490000,5550795.0,1.1073770491803279
3995000,4087809.2,2.323135168961201
4495000,4532299.5,0.8297997775305895
6200000,6217952.5,0.2895564516129032
2495000,2550405.0,2.22064128256513
2750000,2827000.5,2.800018181818182
2995000,3018831.5,0.7957095158597663
17250000,17135842.0,-0.6617855072463769
11950000,12245940.0,2.4764853556485353
6995000,6918714.0,-1.090578984989278
9995000,9991346.0,-0.036558279139569785
4895000,4947617.5,1.074923391215526
7195000,7314151.0,1.6560250173731756
11500000,11554042.0,0.4699304347826087
10000000,9990768.0,-0.09232
5975000,6206443.5,3.873531380753138
16500000,16706088.0,1.2490181818181818
8850000,8931226.0,0.9178079096045199
5395000,5529221.0,2.4878776645041705
19900000,19485728.0,-2.0817688442211058
3795000,3844920.5,1.3154281949934123
3195000,3240787.2,1.4330907668231612
6495000,6479541.0,-0.23801385681293305
11195000,11292052.0,0.8669227333631087
7750000,7793876.0,0.5661419354838709
4495000,4443297.5,-1.1502224694104561
6995000,6916225.0,-1.1261615439599713
4295000,4258481.0,-0.8502677532013969
2995000,3052323.8,1.9139816360601
2795000,2819002.0,0.8587477638640431
6250000,6235836.0,-0.22662400000000002
6750000,6804587.0,0.8086962962962962
6500000,6518089.0,0.27829230769230767
7995000,7972735.0,-0.27848655409631023
5950000,6081548.0,2.210890756302521
6750000,6744748.0,-0.07780740740740741
3795000,3809661.8,0.38634387351778654
2995000,3017053.0,0.7363272120200334
10500000,10586976.0,0.8283428571428572
8495000,8578751.0,0.9858858151854031
3550000,3565382.5,0.4333098591549296
8295000,8308941.5,0.16807112718505124
7995000,8028987.0,0.4251031894934334
4195000,4278825.0,1.998212157330155
14595000,14673581.0,0.5384104145255224
4700000,4725076.0,0.5335319148936171
7795000,7824907.0,0.38366901860166774
3495000,3537577.0,1.2182260371959943
4895000,4911130.5,0.32953013278855975
5295000,5290487.5,-0.0852219074598678
3650000,3705233.0,1.5132328767123286
4195000,4267265.0,1.7226460071513707
6295000,6290179.0,-0.0765845909451946
5995000,6115336.0,2.0072727272727273
9500000,9450781.0,-0.5180947368421053
5495000,5549754.0,0.9964331210191083
6700000,6753875.0,0.8041044776119404
3495000,3534082.0,1.1182260371959942
8195000,8188122.5,-0.08392312385600977
5995000,6061109.0,1.1027356130108423
4650000,4652104.0,0.04524731182795699
3895000,3959451.8,1.6547304236200255
6995000,7045932.5,0.7281272337383846
2950000,2979086.5,0.9859830508474576
3850000,3857551.2,0.19613636363636366
6750000,6894334.5,2.138288888888889
11495000,11483142.0,-0.10315789473684212
5495000,5496755.5,0.031947224749772525
6250000,6276144.0,0.418304
3650000,3638010.2,-0.328486301369863
6700000,6704447.0,0.06637313432835822
7300000,7400603.0,1.3781232876712328
5295000,5253460.5,-0.7845042492917847
14995000,15143421.0,0.9898032677559186
3595000,3627353.5,0.8999582753824756
6750000,6824824.0,1.1085037037037038
10995000,11139604.0,1.3151796271032288
5795000,5743000.0,-0.89732528041415
6850000,6919718.0,1.0177810218978103
2750000,2789523.5,1.437218181818182
6350000,6382497.0,0.511763779527559
3750000,3713409.5,-0.9757466666666668
17000000,16962264.0,-0.2219764705882353
11990000,12165123.0,1.4605754795663053
3995000,4103882.5,2.7254693366708387
3150000,3154862.0,0.15434920634920635
4250000,4327748.0,1.829364705882353
4995000,5023557.5,0.5717217217217218
19500000,19521656.0,0.11105641025641025
4195000,4267970.0,1.7394517282479143
12250000,12259736.0,0.07947755102040817
10995000,11130984.0,1.236780354706685
7150000,7209340.0,0.82993006993007
3895000,3863912.0,-0.7981514762516045
5695000,5607309.0,-1.5397892888498683
5295000,5214720.5,-1.516137865911237
7495000,7504624.0,0.12840560373582388
6450000,6483354.0,0.5171162790697675
10500000,10504176.0,0.03977142857142857
2950000,2976330.0,0.892542372881356
5495000,5530022.0,0.6373430391264786
16700000,16885080.0,1.1082634730538923
5050000,5115885.5,1.3046633663366336
7250000,7359061.0,1.5042896551724139
10750000,10794358.0,0.41263255813953487
3300000,3334686.0,1.051090909090909
6895000,6965046.0,1.0158955765047135
4195000,4278524.5,1.9910488676996425
2995000,3046456.5,1.7180801335559266
4595000,4648127.0,1.1561915125136017
3995000,3962332.8,-0.8177033792240299
12495000,12819008.0,2.5931012404961984
11200000,11209086.0,0.081125
8400000,8384322.5,-0.18663690476190478
2795000,2640142.2,-5.540527728085868
3495000,3522126.8,0.7761587982832617
2995000,3041478.0,1.5518530884808015
5650000,5752125.5,1.8075309734513274
3750000,3747039.5,-0.07894666666666666
6700000,6743016.5,0.6420373134328359
19000000,18896048.0,-0.5471157894736842
2995000,3027062.0,1.0705175292153588
11995000,11931937.0,-0.5257440600250104
12995000,12809241.0,-1.4294651789149673
11990000,12272939.0,2.359791492910759
7395000,7385820.5,-0.12413116970926301
7950000,8113798.0,2.060352201257862
10495000,10351604.0,-1.3663268222963316
4995000,5019494.5,0.4903803803803804
16750000,16666337.0,-0.4994805970149254
6790000,6856685.0,0.9821060382916053
4895000,4952880.0,1.1824310520939736
3995000,4029278.0,0.8580225281602003
5495000,5533821.5,0.7064877161055505
3995000,4061881.5,1.6741301627033793
5450000,4811224.5,-11.720651376146789
16975000,17179684.0,1.20579675994109
9995000,9954458.0,-0.4056228114057029
5995000,6044250.0,0.8215179316096747
11995000,11938756.0,-0.4688953730721134
3495000,3471560.8,-0.670650929899857
6995000,7067620.5,1.0381772694781985
7895000,8006039.0,1.4064471184293856
9175000,9299194.0,1.3536130790190737
3150000,3151091.5,0.03465079365079365
11495000,11640490.0,1.265680730752501
3149000,3162756.8,0.4368609082248333
9700000,9812824.0,1.1631340206185568
6895000,6953398.0,0.8469615663524293
7150000,7145344.0,-0.06511888111888112
14500000,14577187.0,0.5323241379310345
12495000,12548563.0,0.4286754701880753
8695000,8795434.0,1.1550776308223116
7495000,7592061.5,1.2950166777851901
7950000,8004647.0,0.6873836477987422
19950000,19445756.0,-2.5275388471177944
6450000,6705112.0,3.9552248062015503
9995000,9944064.0,-0.5096148074037019
13495000,13409868.0,-0.6308410522415709
3495000,3614241.5,3.411773962804006
4350000,4400690.0,1.165287356321839
14995000,15837253.0,5.616892297432478
9950000,9931771.0,-0.18320603015075376
4250000,4301137.5,1.203235294117647
2950000,3002384.5,1.7757457627118642
14995000,15123212.0,0.855031677225742
4150000,4220589.5,1.7009518072289156
3995000,3892869.2,-2.556464330413016
4595000,4623267.5,0.6151795429815017
4750000,4782889.0,0.6923999999999999
7175000,7159104.0,-0.22154703832752612
10995000,10678360.0,-2.8798544793087766
4295000,4348473.0,1.2450058207217694
3995000,4147330.8,3.8130350438047556
12450000,12864419.0,3.3286666666666664
7950000,8029685.5,1.0023333333333333
1975000,2085342.9,5.586981012658228
3995000,4035038.8,1.0022215269086359
9250000,9287980.0,0.41059459459459463
6350000,6407333.0,0.9028818897637795
3495000,3576749.0,2.3390271816881256
4100000,4176055.5,1.8550121951219511
18500000,18656668.0,0.8468540540540541
4495000,4720650.5,5.020033370411568
2150000,2174669.0,1.1473953488372093
2250000,2232590.0,-0.7737777777777778
1895000,1884127.8,-0.5737335092348285
3475000,3490885.2,0.4571294964028777
1795000,1805777.2,0.6004038997214485
1695000,1721337.5,1.553834808259587
1745000,1773782.5,1.6494269340974212
1925000,1936922.8,0.6193636363636363
1995000,1986186.5,-0.44177944862155394
2395000,2452657.0,2.4073903966597077
2495000,2529592.2,1.3864629258517034
1795000,1858380.5,3.5309470752089136
1645000,1695622.8,3.077370820668693
1895000,1875198.0,-1.0449604221635884
2495000,2467768.5,-1.091442885771543
1795000,1809737.2,0.821016713091922
1395000,1473587.0,5.63347670250896
2395000,2401462.0,0.26981210855949894
1895000,1893156.5,-0.09728232189973615
1995000,2010068.0,0.7552882205513785
1895000,1893174.8,-0.09631926121372032
1595000,1631936.2,2.3157523510971787
2695000,2732561.0,1.3937291280148423
1495000,1553175.8,3.8913545150501676
1450000,1540785.0,6.261034482758621
2795000,2812195.8,0.6152325581395348
2350000,2360435.5,0.4440638297872341
1295000,1365510.2,5.444806949806949
1595000,1680681.2,5.371865203761756
1695000,1732904.2,2.2362389380530976
2295000,2299165.0,0.1814814814814815
4195000,4193277.5,-0.041060786650774735
2395000,2376812.0,-0.7594154488517745
2695000,2654763.8,-1.492996289424861
3250000,3213900.2,-1.1107615384615384
4650000,4681901.5,0.6860537634408602
2595000,2565105.5,-1.1520038535645472
2095000,2083731.0,-0.5378997613365155
1895000,1914475.0,1.0277044854881268
2795000,2719814.8,-2.6899910554561717
2575000,2570054.0,-0.1920776699029126
2895000,2936388.5,1.4296545768566493
3450000,3455058.2,0.1466159420289855
2195000,2169763.0,-1.149749430523918
2795000,2729537.8,-2.3421198568872987
2595000,2507486.0,-3.372408477842004
1995000,1980787.2,-0.7124185463659148
1995000,1995439.8,0.022042606516290725
1795000,1868060.8,4.0702367688022285
2695000,2714695.0,0.7307977736549165
1950000,1999506.5,2.5387948717948716
1795000,1874756.8,4.443272980501392
3695000,3737288.0,1.1444654939106902
2895000,2848713.5,-1.5988428324697754
1595000,1690962.2,6.0164420062695925
1895000,1968459.8,3.8765039577836413
2995000,2990055.0,-0.1651085141903172
4995000,5045475.5,1.0105205205205205
2850000,2849547.0,-0.015894736842105264
1795000,1811941.0,0.9437883008356546
3995000,3967012.8,-0.7005569461827285
3695000,3726197.2,0.8443098782138024
4650000,4637949.5,-0.2591505376344086
4395000,4351017.5,-1.000739476678043
7495000,7424389.0,-0.9421080720480319
1990000,1994933.5,0.2479145728643216
1895000,1901169.2,0.3255540897097625
1250000,1302684.8,4.21478
1250000,1335308.5,6.82468
2195000,2217603.8,1.0297835990888384
2995000,3014408.5,0.6480300500834725
3850000,3814843.8,-0.9131493506493507
2995000,3020276.0,0.8439398998330551
2995000,2977799.2,-0.5743155258764607
4495000,4474862.5,-0.4479977753058954
1995000,2037474.0,2.1290225563909777
2890000,3070829.5,6.257076124567475
4250000,4217389.0,-0.7673176470588235
3295000,3306112.2,0.33724582701062217
2650000,2670576.5,0.7764716981132075
2150000,2148075.0,-0.08953488372093023
5790000,5806512.5,0.28518998272884283
2990000,3099632.0,3.666622073578595
5900000,5988746.0,1.5041694915254236
2450000,2441845.5,-0.33283673469387753
4995000,5006602.0,0.23227227227227226
4900000,4914865.0,0.3033673469387755
4500000,4511578.5,0.25730000000000003
2095000,2115488.5,0.9779713603818616
2495000,2435748.5,-2.3748096192384773
2395000,2329072.5,-2.752713987473904
5840000,5829242.5,-0.18420376712328768
2995000,3013223.5,0.6084641068447413
2995000,2944040.5,-1.7014858096828047
1495000,1559742.2,4.330585284280937
2300000,2325423.0,1.1053478260869565
1995000,1997054.5,0.10298245614035087
4395000,4365673.5,-0.6672696245733788
4195000,4164603.8,-0.7245828367103695
2435000,2410891.8,-0.9900718685831622
5790000,5816420.0,0.45630397236614856
4140000,4190612.8,1.222530193236715
4940000,4930250.5,-0.1973582995951417
2240000,2205114.5,-1.5573883928571428
4790000,4832044.0,0.8777453027139874
2795000,2746174.0,-1.7469051878354205
2795000,2821522.5,0.9489266547406082
2450000,2460729.5,0.4379387755102041
2450000,2476231.8,1.0706836734693879
4495000,4462301.0,-0.7274527252502782
2895000,2910672.2,0.5413557858376512
2995000,2955444.5,-1.3207178631051752
2750000,2760270.5,0.3734727272727273
3195000,3156565.8,-1.2029499217527386
2000000,2018710.5,0.935525
2395000,2320513.5,-3.1100835073068893
4295000,4272691.5,-0.519406286379511
2895000,2880433.2,-0.5031692573402419
5195000,5187816.0,-0.13828681424446582
2895000,2912509.0,0.6048013816925735
2897000,2923092.0,0.900655850880221
4495000,4483999.0,-0.24473859844271412
1995000,2078379.6,4.179429824561404
2495000,2456302.0,-1.5510220440881763
3195000,3139760.0,-1.7289514866979656
2200000,2213665.0,0.6211363636363636
3995000,4055261.2,1.5084167709637046
2895000,2926574.0,1.0906390328151987
2595000,2630325.0,1.361271676300578
2495000,2524527.5,1.1834669338677355
4495000,4536488.5,0.922992213570634
6200000,6369517.5,2.734153225806452
2450000,2472359.2,0.9126224489795918
3995000,4053876.0,1.4737421777221527
2895000,2893154.2,-0.06375647668393782
2495000,2549500.0,2.18436873747495
4495000,4538664.5,0.9714015572858732
2995000,3026274.5,1.0442237061769615
3495000,3504351.5,0.2675679542203147
2975000,3009198.0,1.1495126050420168
1695000,1805099.2,6.495530973451327
2475000,2522441.5,1.916828282828283
4195000,4271464.5,1.8227532777115614
5495000,5498219.0,0.05858052775250227
4695000,4716205.0,0.4516506922257721
2800000,2801310.8,0.0468125
3475000,3478775.5,0.1086474820143885
4495000,4603557.5,2.415072302558398
4675000,4665219.0,-0.20921925133689842
6500000,6434950.0,-1.0007692307692309
3250000,3274332.0,0.7486769230769231
4995000,5026473.0,0.6300900900900901
3495000,3495556.5,0.015922746781115882
3000000,3068092.2,2.269741666666667
2695000,2683541.8,-0.42516697588126157
3700000,3792133.5,2.490094594594595
4295000,4366722.0,1.669895227008149
2695000,2665713.0,-1.0867161410018553
3395000,3432803.5,1.1135051546391752
2995000,3051157.2,1.875033388981636
4975000,4994226.0,0.3864522613065327
2495000,2541148.5,1.8496392785571143
3475000,3501120.0,0.7516546762589927
2895000,2889133.0,-0.20265975820379967
2995000,3008407.5,0.4476627712854758
2495000,2542361.0,1.8982364729458918
2895000,2917645.5,0.7822279792746113
3100000,3078431.0,-0.6957741935483871
2995000,3013324.5,0.6118363939899834
2895000,2853774.0,-1.4240414507772021
2975000,3004976.5,1.0076134453781513
5775000,5815403.5,0.6996277056277056
2495000,2539663.0,1.7901002004008015
5595000,5574298.0,-0.3700089365504915
3250000,3265876.2,0.48849999999999993
2295000,2328440.0,1.4570806100217866
2995000,3007535.8,0.41855592654424045
2495000,2542555.2,1.9060220440881763
4975000,4945944.5,-0.5840301507537689
3250000,3275702.5,0.7908461538461538
2695000,2691209.8,-0.14064007421150276
3675000,3698814.5,0.6480136054421768
2150000,2165856.5,0.7375116279069768
4975000,4956952.0,-0.36277386934673367
3475000,3500961.5,0.747093525179856
4695000,4750675.5,1.1858466453674121
3495000,3528253.0,0.951444921316166
2475000,2519749.0,1.808040404040404
4195000,4184859.8,-0.24172228843861743
2495000,2537413.0,1.6999198396793587
2495000,2478913.0,-0.6447695390781563
2875000,2885956.0,0.3810782608695652
5995000,6002763.0,0.12949124270225187
3195000,3158770.2,-1.1339514866979654
2995000,3062293.5,2.24686143572621
2750000,2785213.0,1.2804727272727274
3575000,3567529.5,-0.20896503496503496
7895000,7661199.5,-2.961374287523749
3175000,3208551.8,1.056748031496063
2795000,2770328.2,-0.8827101967799643
2475000,2504269.2,1.1825959595959596
2995000,2970958.2,-0.802729549248748
2995000,2978483.2,-0.5514774624373956
2995000,2966107.5,-0.9646911519198664
3695000,3736671.2,1.1277740189445198
3450000,3463836.0,0.4010434782608696
8295000,8196912.0,-1.18249547920434
2495000,2512396.0,0.6972344689378758
4850000,4808156.5,-0.8627525773195875
1995000,2053676.5,2.9411779448621553
1525000,1634894.5,7.206196721311475
1595000,1647092.5,3.2659874608150474
2750000,2851949.5,3.7072545454545454
1650000,1767129.8,7.098772727272727
2995000,3060625.0,2.191151919866444
2495000,2540893.0,1.8393987975951904
3495000,3456700.8,-1.095829756795422
3995000,4055881.2,1.523936170212766
4495000,4539769.0,0.9959733036707453
3495000,3470565.5,-0.6991273247496423
5995000,6006860.0,0.19783152627189327
3200000,3225160.0,0.78625
2350000,2336387.0,-0.5792765957446808
2095000,2116503.5,1.0264200477326968
2595000,2574846.0,-0.7766473988439306
2095000,2119580.2,1.1732816229116945
1895000,1908437.8,0.7091160949868074
1750000,1783040.2,1.8880142857142856
3295000,3259997.0,-1.0623065250379362
1950000,1957372.8,0.37808974358974357
2195000,2233249.0,1.7425512528473803
2250000,2271706.0,0.9647111111111112
2150000,2162143.5,0.564813953488372
3400000,3391030.0,-0.2638235294117647
1895000,1966033.8,3.7484828496042217
2550000,2569591.0,0.7682745098039216
4995000,5065540.0,1.4122122122122123
8950000,9084880.0,1.5070391061452515
3995000,4101778.8,2.6728097622027533
5195000,5236801.0,0.8046390760346488
11250000,11235167.0,-0.1318488888888889
15750000,16232429.0,3.06304126984127
4799000,4885188.5,1.795967909981246
21500000,20983062.0,-2.4043627906976743
2295000,2361287.8,2.8883551198257083
4195000,4160251.0,-0.8283432657926103
7495000,7573758.0,1.0508072048032022
14975000,15294974.0,2.136721202003339
12500000,12897050.0,3.1764
4495000,4598727.5,2.30761957730812
3495000,3538100.5,1.2332045779685263
2295000,2373240.5,3.40917211328976
11250000,11195104.0,-0.4879644444444445
8995000,8982188.0,-0.14243468593663147
3695000,3780034.8,2.3013464140730715
11500000,11584413.0,0.7340260869565217
11250000,11340752.0,0.8066844444444445
6950000,7044904.0,1.3655251798561152
21000000,20480184.0,-2.4753142857142856
15500000,15802614.0,1.9523483870967744
12495000,12590482.0,0.7641616646658663
7800000,7870853.0,0.908371794871795
4500000,4564164.0,1.4258666666666666
10850000,10811726.0,-0.35275576036866363
3495000,3506550.5,0.3304864091559371
7950000,8149052.5,2.5038050314465408
4495000,4597937.0,2.2900333704115683
6975000,6966787.0,-0.11774910394265234
8500000,8569531.0,0.8180117647058824
5250000,5296305.0,0.882
9225000,9287642.0,0.6790460704607046
4750000,4725250.0,-0.5210526315789473
9395000,9332776.0,-0.662309739222991
5950000,6061729.0,1.8777983193277312
6500000,6590236.0,1.3882461538461537
9950000,10157940.0,2.089849246231156
13950000,14068019.0,0.8460143369175628
7900000,7814877.0,-1.0775063291139242
12000000,12048988.0,0.40823333333333334
32000000,27536816.0,-13.94745
3995000,4085825.0,2.2734668335419275
4250000,4265713.0,0.36971764705882354
8995000,9086740.0,1.019899944413563
4950000,5057974.5,2.18130303030303
11000000,11010520.0,0.09563636363636364
6750000,6778323.0,0.41960000000000003
7950000,7895247.0,-0.6887169811320755
5195000,5254220.0,1.1399422521655438
19500000,19134196.0,-1.875917948717949
7995000,7930072.0,-0.8121075672295185
8250000,8259772.0,0.11844848484848486
19950000,19710212.0,-1.2019448621553885
2975000,2922615.5,-1.7608235294117647
18495000,18306408.0,-1.019691808596918
24000000,22747754.0,-5.217691666666667
10950000,10994282.0,0.4044018264840183
5995000,6003670.5,0.14462885738115097
6995000,6951880.0,-0.6164403145103646
7295000,7321116.0,0.3579986291980809
11450000,11530910.0,0.7066375545851529
3395000,3467656.8,2.1401104565537556
9950000,9873880.0,-0.7650251256281407
6950000,7016976.5,0.9636906474820144
5795000,5903016.0,1.8639516824849007
15995000,16029811.0,0.217636761487965
12500000,12623069.0,0.984552
6795000,6791431.0,-0.052523914643119944
5700000,5766384.0,1.1646315789473682
4195000,4273459.0,1.8702979737783076
3695000,3685507.5,-0.2569012178619756
20500000,19905624.0,-2.8993951219512195
10750000,10731540.0,-0.17172093023255813
5695000,5811415.0,2.044161545215101
9695000,9603948.0,-0.9391645177926766
19750000,19662190.0,-0.4446075949367088
13495000,13472463.0,-0.16700259355316785
4495000,4544746.0,1.1066963292547276
6195000,6172219.5,-0.3677239709443099
6950000,7004144.0,0.7790503597122302
16950000,16913092.0,-0.21774631268436576
11750000,11692362.0,-0.49053617021276597
10500000,10516124.0,0.15356190476190476
3995000,4047630.0,1.3173967459324154
11995000,11764398.0,-1.9224843684868695
18800000,18473486.0,-1.736776595744681
3895000,4008347.5,2.91007702182285
6250000,6321709.5,1.147352
5500000,5609649.5,1.9936272727272726
6995000,7094535.0,1.4229449606862046
15495000,15889682.0,2.547157147466925
2250000,2400476.0,6.687822222222223
13500000,13675080.0,1.296888888888889
19900000,19428612.0,-2.3687839195979903
4195000,4238393.5,1.034410011918951
3950000,3954279.2,0.10833544303797467
10500000,10442805.0,-0.5447142857142857
7750000,7767441.5,0.2250516129032258
11500000,11431848.0,-0.5926260869565217
10000000,9954566.0,-0.45434
4500000,4551576.0,1.1461333333333334
2795000,2826952.0,1.1431842576028621
5500000,5602711.5,1.867481818181818
14000000,14021085.0,0.15060714285714286
3100000,3190375.0,2.915322580645161
14750000,14882978.0,0.9015457627118645
6200000,6246676.0,0.7528387096774194
20800000,20027520.0,-3.713846153846154
4475000,4645999.0,3.8212067039106143
6595000,6786428.5,2.9026307808946172
6750000,6844757.0,1.4038074074074074
7495000,7551949.0,0.7598265510340226
3150000,3132422.0,-0.558031746031746
12250000,12145814.0,-0.8504979591836735
26166000,23957292.0,-8.441137353817933
4295000,4234342.5,-1.4122817229336437
8500000,8458315.0,-0.4904117647058824
17950000,17720812.0,-1.2768133704735376
4295000,4283722.5,-0.26257275902211874
10595000,10644754.0,0.4695988673902784
3895000,3864514.8,-0.7826765083440308
15000000,15331457.0,2.2097133333333336
12950000,12928041.0,-0.16956756756756755
11350000,11614958.0,2.334431718061674
4450000,4509093.5,1.3279438202247191
10900000,10926354.0,0.24177981651376146
